year,district_code,district_name,neighborhood_code,neighborhood_name,latitude,longitude,total_nb_buy_sell,nb_buy_sell_new_free_mkt,nb_buy_sell_new_protc_mkt,nb_buy_sell_2nd_hand,total_avg_m2_surf,avg_m2_surf_new_free_mkt,avg_m2_surf_new_protc_mkt,avg_m2_2nd_hand,avg_total_price_€000_all,avg_total_price_€000_new,avg_total_price_€000_2nd_hand,avg_price_€/m2_all,avg_price_€/m2_new,avg_price_€/m2_2nd_hand,avg_weight_ int_ rate_%
2022,1,Ciutat Vella,1,el Raval,41.379518,2.168368,488,5,0,483,65.7,65.2,0.0,65.7,226.3,421.3,223.8,3382.9,6459.9,3343.2,0.0291
2022,1,Ciutat Vella,2,el Barri Gòtic,41.383395,2.176912,242,32,0,210,89.4,89.8,0.0,89.3,421.6,559.8,398.7,4800.2,5986.2,4603.6,0.0291
2022,1,Ciutat Vella,3,la Barceloneta,41.380653,2.189927,211,11,0,200,47.2,39.9,0.0,47.5,216.2,162.0,218.8,4656.7,4283.2,4674.6,0.0291
2022,1,Ciutat Vella,4,"Sant Pere, Santa Caterina i la Ribera",41.384753,2.183755,349,40,0,309,70.1,53.7,0.0,72.3,303.8,262.6,309.5,4355.4,4856.8,4286.6,0.0291
2022,2,Eixample,5,el Fort Pienc,41.395925,2.182325,245,6,0,239,84.6,89.6,0.0,84.5,354.8,374.8,354.3,4296.0,4178.0,4298.8,0.0291
2022,2,Eixample,6,la Sagrada Família,41.403479,2.17441,442,3,0,439,74.7,63.0,0.0,74.8,307.8,285.3,308.0,4188.2,4529.1,4185.4,0.0291
2022,2,Eixample,7,la Dreta de l'Eixample,41.395037,2.167207,581,101,0,480,109.4,111.4,0.0,108.9,679.3,884.7,633.7,6208.9,8070.2,5796.3,0.0291
2022,2,Eixample,8,l'Antiga Esquerra de l'Eixample,41.39,2.155,481,35,1,445,97.9,108.3,93.0,97.1,499.8,725.5,479.7,5125.4,6468.4,5005.5,0.0291
2022,2,Eixample,9,la Nova Esquerra de l'Eixample,41.383389,2.149,586,87,19,480,79.7,77.0,85.1,79.9,363.2,348.1,366.4,4557.3,4545.0,4559.9,0.0291
2022,2,Eixample,10,Sant Antoni,41.380052,2.163327,402,13,3,386,79.4,109.0,64.0,78.2,354.4,309.2,357.3,4592.6,3660.6,4651.7,0.0291
2022,3,Sants-Montjuïc,11,el Poble Sec,41.37498,2.160572,459,3,0,456,62.6,71.7,0.0,62.6,228.3,310.0,227.0,3633.7,4283.3,3623.5,0.0291
2022,3,Sants-Montjuïc,12,la Marina del Prat Vermell,41.353842,2.142318,8,0,0,8,73.9,0.0,0.0,73.9,217.5,0.0,217.5,2825.2,0.0,2825.2,0.0291
2022,3,Sants-Montjuïc,13,la Marina de Port,41.360296,2.137584,314,8,5,301,69.5,61.4,65.6,69.8,221.2,163.5,224.9,3250.6,2637.2,3290.2,0.0291
2022,3,Sants-Montjuïc,14,la Font de la Guatlla,41.370782,2.144676,147,45,0,102,78.4,81.8,0.0,76.9,257.4,268.0,252.5,3362.1,3317.3,3382.5,0.0291
2022,3,Sants-Montjuïc,15,Hostafrancs,41.375263,2.143194,153,39,1,113,66.9,66.8,111.0,66.5,258.5,274.0,253.4,3921.7,4162.2,3842.4,0.0291
2022,3,Sants-Montjuïc,16,la Bordeta,41.369142,2.137373,167,6,0,161,67.4,73.0,0.0,67.2,193.9,255.0,184.9,2834.9,3396.3,2752.3,0.0291
2022,3,Sants-Montjuïc,17,Sants - Badal,41.375466,2.12771,282,27,0,255,67.0,72.8,0.0,66.4,262.3,314.4,239.1,3770.0,4384.8,3496.7,0.0291
2022,3,Sants-Montjuïc,18,Sants,41.375329,2.134912,371,9,0,362,67.9,70.7,0.0,67.9,279.6,282.7,279.5,4019.4,4085.2,4016.8,0.0291
2022,4,Les Corts,19,les Corts,41.385244,2.132863,366,22,1,343,85.8,86.8,74.0,85.8,425.2,626.5,408.7,4793.8,7183.9,4598.5,0.0291
2022,4,Les Corts,20,la Maternitat i Sant Ramon,41.381986,2.125608,181,4,0,177,84.6,74.0,0.0,84.8,396.2,374.3,397.0,4311.8,4806.0,4294.4,0.0291
2022,4,Les Corts,21,Pedralbes,41.39014,2.112218,157,36,1,120,142.1,94.8,59.0,159.4,818.8,391.8,974.1,5387.3,4229.3,5808.4,0.0291
2022,5,Sarrià-Sant Gervasi,22,"Vallvidrera, el Tibidabo i les Planes",41.415067,2.107482,46,2,0,44,145.0,409.0,0.0,135.2,418.8,0.0,422.2,3822.1,0.0,3938.3,0.0291
2022,5,Sarrià-Sant Gervasi,23,Sarrià,41.399373,2.121513,249,19,0,230,121.4,258.1,0.0,109.3,809.3,2223.5,672.7,6150.9,8276.3,5945.6,0.0291
2022,5,Sarrià-Sant Gervasi,24,les Tres Torres,41.397611,2.131184,154,9,0,145,153.6,107.1,0.0,157.0,952.4,711.7,971.0,6128.6,5908.0,6145.6,0.0291
2022,5,Sarrià-Sant Gervasi,25,Sant Gervasi - la Bonanova,41.405983,2.133405,210,42,0,168,122.4,118.5,0.0,123.3,849.2,766.0,869.1,6875.6,6590.6,6943.6,0.0291
2022,5,Sarrià-Sant Gervasi,26,Sant Gervasi - Galvany,41.397795,2.143383,503,97,0,406,131.3,125.0,0.0,132.9,823.9,789.2,832.5,6281.5,6465.7,6235.7,0.0291
2022,5,Sarrià-Sant Gervasi,27,el Putget i Farró,41.407317,2.143424,255,15,1,239,97.4,73.4,72.0,99.0,514.2,522.6,513.6,5239.6,7014.9,5122.4,0.0291
2022,6,Gràcia,28,Vallcarca i els Penitents,41.415526,2.142243,158,22,3,133,86.5,95.5,69.3,85.4,380.9,380.4,381.0,4477.7,4563.9,4462.2,0.0291
2022,6,Gràcia,29,el Coll,41.417907,2.148075,69,19,0,50,70.2,75.4,0.0,68.4,242.8,294.7,225.5,3357.8,3991.0,3146.7,0.0291
2022,6,Gràcia,30,la Salut,41.442733,2.224576,143,6,0,137,80.6,85.2,0.0,80.4,340.3,350.0,339.8,4286.4,4318.3,4285.0,0.0291
2022,6,Gràcia,31,Vila de Gràcia,41.403178,2.157166,574,35,0,539,76.4,88.9,0.0,75.4,361.4,313.4,365.0,4801.1,3545.0,4895.0,0.0291
2022,6,Gràcia,32,el Camp d'en Grassot i Gràcia Nova,41.404589,2.166781,357,0,0,357,76.9,0.0,0.0,76.9,339.5,0.0,339.5,4536.5,0.0,4536.5,0.0291
2022,7,Horta-Guinardó,33,el Baix Guinardó,41.411437,2.168651,216,21,0,195,69.9,60.7,0.0,70.9,256.2,183.8,264.8,3723.9,3043.6,3804.7,0.0291
2022,7,Horta-Guinardó,34,Can Baró,41.416092,2.162402,81,1,0,80,70.7,95.0,0.0,70.4,248.7,0.0,247.1,3419.9,0.0,3414.6,0.0291
2022,7,Horta-Guinardó,35,el Guinardó,41.417733,2.173632,359,20,0,339,75.0,89.4,0.0,74.2,262.7,401.0,254.6,3492.9,4543.1,3430.8,0.0291
2022,7,Horta-Guinardó,36,la Font d'en Fargues,41.425788,2.165915,90,26,0,64,89.9,87.0,0.0,90.9,322.3,415.8,287.6,3706.7,4858.8,3280.0,0.0291
2022,7,Horta-Guinardó,37,el Carmel,41.425607,2.154894,319,69,0,250,62.7,60.7,0.0,63.2,175.2,193.7,169.7,2818.7,3059.2,2747.5,0.0291
2022,7,Horta-Guinardó,38,la Teixonera,41.423173,2.14597,143,50,0,93,65.3,69.9,0.0,63.1,201.1,233.0,185.1,3072.0,3462.7,2876.6,0.0291
2022,7,Horta-Guinardó,39,Sant Genís dels Agudells,41.426457,2.137491,37,7,1,29,64.8,67.3,0.0,64.3,153.1,159.3,151.7,2316.8,2214.2,2339.6,0.0291
2022,7,Horta-Guinardó,40,Montbau,41.42955,2.144538,49,5,1,43,63.1,54.3,0.0,64.0,183.3,170.0,184.9,3027.1,3107.9,3017.0,0.0291
2022,7,Horta-Guinardó,41,la Vall d'Hebron,41.430379,2.148624,28,4,2,22,67.3,52.3,73.0,69.6,313.0,238.2,326.5,4642.4,4585.6,4652.7,0.0291
2022,7,Horta-Guinardó,42,la Clota,41.427857,2.152407,3,0,1,2,83.7,0.0,57.0,97.0,200.0,0.0,0.0,2210.5,0.0,0.0,0.0291
2022,7,Horta-Guinardó,43,Horta,41.42969,2.160315,197,39,3,155,66.2,69.0,63.7,65.6,246.8,293.9,230.8,3706.1,4274.7,3512.9,0.0291
2022,8,Nou Barris,44,Vilapicina i la Torre Llobeta,41.430019,2.176069,153,7,0,146,72.5,82.0,0.0,72.1,213.5,276.6,210.0,2936.8,3332.5,2915.0,0.0291
2022,8,Nou Barris,45,Porta,41.433188,2.176034,173,10,0,163,63.8,87.6,0.0,62.2,184.1,203.1,179.9,2783.3,2328.4,2885.7,0.0291
2022,8,Nou Barris,46,el Turó de la Peira,41.432367,2.169068,164,5,0,159,61.6,60.4,0.0,61.7,150.7,236.7,141.5,2441.9,4072.1,2268.5,0.0291
2022,8,Nou Barris,47,Can Peguera,41.434857,2.165785,8,0,0,8,56.3,0.0,0.0,56.3,142.0,0.0,142.0,2448.3,0.0,2448.3,0.0291
2022,8,Nou Barris,48,la Guineueta,41.440303,2.170402,97,0,0,97,76.0,0.0,0.0,76.0,223.4,0.0,223.4,2933.4,0.0,2933.4,0.0291
2022,8,Nou Barris,49,Canyelles,41.441704,2.166398,49,0,0,49,71.9,0.0,0.0,71.9,198.1,0.0,198.1,2720.7,0.0,2720.7,0.0291
2022,8,Nou Barris,50,les Roquetes,41.447798,2.176271,180,0,0,180,55.8,0.0,0.0,55.8,117.1,0.0,117.1,2110.4,0.0,2110.4,0.0291
2022,8,Nou Barris,51,Verdun,41.44404,2.17584,137,1,0,136,58.4,64.0,0.0,58.4,150.4,0.0,149.8,2418.7,0.0,2411.1,0.0291
2022,8,Nou Barris,52,la Prosperitat,41.442333,2.179438,245,1,0,244,59.4,142.0,0.0,59.0,161.2,0.0,159.3,2571.8,0.0,2583.7,0.0291
2022,8,Nou Barris,53,la Trinitat Nova,41.449714,2.183841,94,0,0,94,60.1,0.0,0.0,60.1,102.8,0.0,102.8,1899.3,0.0,1899.3,0.0291
2022,8,Nou Barris,54,Torre Baró,41.458011,2.183986,204,0,0,204,70.3,0.0,0.0,70.3,121.5,0.0,121.5,1664.5,0.0,1664.5,0.0291
2022,8,Nou Barris,55,Ciutat Meridiana,41.460665,2.174474,121,0,0,121,59.5,0.0,0.0,59.5,108.9,0.0,108.9,1816.8,0.0,1816.8,0.0291
2022,8,Nou Barris,56,Vallbona,41.463372,2.184051,2,0,0,2,83.5,0.0,0.0,83.5,0.0,0.0,0.0,0.0,0.0,0.0,0.0291
2022,9,Sant Andreu,57,la Trinitat Vella,41.450176,2.191344,83,0,1,82,60.9,0.0,59.0,61.0,116.9,0.0,116.9,1964.6,0.0,1964.6,0.0291
2022,9,Sant Andreu,58,Baró de Viver,41.44993,2.199523,20,0,0,20,69.8,0.0,0.0,69.8,0.0,0.0,0.0,0.0,0.0,0.0,0.0291
2022,9,Sant Andreu,59,el Bon Pastor,41.435984,2.205129,122,0,0,122,67.6,0.0,0.0,67.6,161.5,0.0,161.5,2338.6,0.0,2338.6,0.0291
2022,9,Sant Andreu,60,Sant Andreu,41.43725,2.195487,319,8,0,311,77.1,101.1,0.0,76.4,292.8,350.4,287.2,3522.6,3543.8,3520.5,0.0291
2022,9,Sant Andreu,61,la Sagrera,41.421279,2.186523,207,0,0,207,68.6,0.0,0.0,68.6,222.0,0.0,222.0,3261.6,0.0,3261.6,0.0291
2022,9,Sant Andreu,62,el Congrés i els Indians,41.423784,2.180821,63,5,0,58,72.1,67.4,0.0,72.5,314.1,407.5,290.7,4454.8,5886.0,4097.0,0.0291
2022,9,Sant Andreu,63,Navas,41.416044,2.186938,199,0,0,199,76.2,0.0,0.0,76.2,259.6,0.0,259.6,3357.5,0.0,3357.5,0.0291
2022,10,Sant Martí,64,Camp de l'Arpa del Clot,41.410754,2.182816,324,2,0,322,70.8,80.5,0.0,70.7,265.6,0.0,265.0,3775.7,0.0,3773.5,0.0291
2022,10,Sant Martí,65,el Clot,41.410316,2.186721,265,18,0,247,79.9,81.1,0.0,79.8,381.7,474.9,365.8,4694.3,6058.8,4462.6,0.0291
2022,10,Sant Martí,66,el Parc i la Llacuna del Poblenou,41.400733,2.191342,311,198,6,107,90.8,98.2,60.8,78.1,493.6,574.4,321.0,5281.3,5860.1,4044.8,0.0291
2022,10,Sant Martí,67,la Vila Olímpica del Poblenou,41.389868,2.196846,53,7,0,46,108.3,100.6,0.0,109.2,567.7,577.0,566.6,5239.2,5713.4,5185.4,0.0291
2022,10,Sant Martí,68,el Poblenou,41.400527,2.201729,373,102,2,269,73.4,74.7,38.0,73.0,372.4,441.7,345.0,4988.7,5769.0,4680.4,0.0291
2022,10,Sant Martí,69,Diagonal Mar i el Front Marítim del Poblenou,41.405228,2.213352,135,9,5,121,91.6,68.4,73.8,94.0,586.3,263.4,613.2,6171.9,3856.6,6364.9,0.0291
2022,10,Sant Martí,70,el Besòs i el Maresme,41.414979,2.213877,288,40,3,245,67.6,78.5,70.7,65.5,232.9,375.7,204.1,2902.4,4653.8,2548.5,0.0291
2022,10,Sant Martí,71,Provençals del Poblenou,41.411948,2.204125,156,34,12,110,72.7,71.3,70.0,73.5,270.9,235.2,283.9,3677.2,3219.2,3843.7,0.0291
2022,10,Sant Martí,72,Sant Martí de Provençals,41.416519,2.198968,230,0,0,230,70.6,0.0,0.0,70.6,198.5,0.0,198.5,2938.5,0.0,2938.5,0.0291
2022,10,Sant Martí,73,la Verneda i la Pau,41.42322,2.20294,238,1,0,237,72.9,50.0,0.0,73.0,168.4,0.0,169.0,2350.4,0.0,2352.5,0.0291
2021,1,Ciutat Vella,1,el Raval,41.379518,2.168368,417,8,0,409,60.9,68.8,0.0,60.8,199.4,348.6,197.2,3145.6,5120.4,3117.5,0.0138
2021,1,Ciutat Vella,2,el Barri Gòtic,41.383395,2.176912,185,13,0,172,83.5,90.6,0.0,82.9,354.2,446.8,345.4,4230.7,4385.8,4215.8,0.0138
2021,1,Ciutat Vella,3,la Barceloneta,41.380653,2.189927,176,9,0,167,43.3,32.1,0.0,44.0,195.2,118.0,200.3,4385.5,3682.5,4432.1,0.0138
2021,1,Ciutat Vella,4,"Sant Pere, Santa Caterina i la Ribera",41.384753,2.183755,251,14,0,237,72.4,87.3,0.0,71.5,291.7,558.5,276.5,4071.3,6058.6,3958.3,0.0138
2021,2,Eixample,5,el Fort Pienc,41.395925,2.182325,216,6,0,210,82.5,81.0,0.0,82.5,324.6,284.6,325.9,3989.5,3570.1,4003.1,0.0138
2021,2,Eixample,6,la Sagrada Família,41.403479,2.17441,437,17,0,420,75.6,63.8,0.0,76.2,305.3,191.8,312.8,4023.2,2987.8,4091.9,0.0138
2021,2,Eixample,7,la Dreta de l'Eixample,41.395037,2.167207,404,22,0,382,116.0,145.5,0.0,114.1,647.2,1008.6,622.6,5506.9,7609.7,5363.7,0.0138
2021,2,Eixample,8,l'Antiga Esquerra de l'Eixample,41.39,2.155,393,25,1,367,93.5,82.1,39.0,94.3,461.3,562.3,454.7,4920.8,6844.5,4795.6,0.0138
2021,2,Eixample,9,la Nova Esquerra de l'Eixample,41.383389,2.149,397,69,13,315,82.9,83.7,83.7,82.7,369.7,365.2,370.8,4433.8,4451.8,4429.2,0.0138
2021,2,Eixample,10,Sant Antoni,41.380052,2.163327,282,8,0,274,87.0,266.4,0.0,80.9,401.8,490.0,395.6,4421.8,2942.5,4526.4,0.0138
2021,3,Sants-Montjuïc,11,el Poble Sec,41.37498,2.160572,386,10,0,376,61.9,69.8,0.0,61.7,286.6,260.0,289.6,4497.8,3799.6,4577.4,0.0138
2021,3,Sants-Montjuïc,12,la Marina del Prat Vermell,41.353842,2.142318,24,0,0,24,74.3,0.0,0.0,74.3,200.6,0.0,200.6,2607.7,0.0,2607.7,0.0138
2021,3,Sants-Montjuïc,13,la Marina de Port,41.360296,2.137584,203,1,2,200,72.0,0.0,66.5,72.1,249.8,0.0,249.8,3448.0,0.0,3448.0,0.0138
2021,3,Sants-Montjuïc,14,la Font de la Guatlla,41.370782,2.144676,64,9,0,55,72.5,84.4,0.0,70.3,264.1,321.6,254.5,3754.9,3637.3,3774.5,0.0138
2021,3,Sants-Montjuïc,15,Hostafrancs,41.375263,2.143194,102,28,0,74,68.9,75.8,0.0,66.2,268.4,306.7,252.9,3922.2,3992.4,3893.7,0.0138
2021,3,Sants-Montjuïc,16,la Bordeta,41.369142,2.137373,156,5,0,151,69.2,72.2,0.0,69.1,230.7,310.2,217.0,3300.9,4286.7,3130.9,0.0138
2021,3,Sants-Montjuïc,17,Sants - Badal,41.375466,2.12771,183,13,0,170,63.8,72.1,0.0,63.3,223.7,256.2,213.9,3603.8,3630.2,3595.8,0.0138
2021,3,Sants-Montjuïc,18,Sants,41.375329,2.134912,327,21,0,306,67.4,64.7,0.0,67.6,273.7,284.1,272.2,3791.8,4528.9,3687.4,0.0138
2021,4,Les Corts,19,les Corts,41.385244,2.132863,340,35,2,303,84.1,82.1,62.0,84.5,412.7,519.2,395.3,4740.2,6272.4,4491.1,0.0138
2021,4,Les Corts,20,la Maternitat i Sant Ramon,41.381986,2.125608,167,3,0,164,85.5,83.5,0.0,85.5,386.0,340.0,387.0,4278.6,4022.5,4284.1,0.0138
2021,4,Les Corts,21,Pedralbes,41.39014,2.112218,105,17,0,88,134.5,91.3,0.0,144.3,815.2,417.1,911.7,5680.5,4693.2,5919.8,0.0138
2021,5,Sarrià-Sant Gervasi,22,"Vallvidrera, el Tibidabo i les Planes",41.415067,2.107482,34,5,0,29,161.4,200.0,0.0,150.7,427.6,218.0,489.2,3156.8,1634.5,3604.5,0.0138
2021,5,Sarrià-Sant Gervasi,23,Sarrià,41.399373,2.121513,189,7,0,182,113.3,114.3,0.0,113.3,685.5,680.0,685.7,5727.7,6031.1,5715.4,0.0138
2021,5,Sarrià-Sant Gervasi,24,les Tres Torres,41.397611,2.131184,103,5,0,98,157.1,120.2,0.0,159.2,920.9,1057.6,912.7,5972.1,8867.4,5799.8,0.0138
2021,5,Sarrià-Sant Gervasi,25,Sant Gervasi - la Bonanova,41.405983,2.133405,170,30,1,139,120.9,120.2,0.0,121.1,849.6,757.5,868.6,6759.5,6220.6,6870.9,0.0138
2021,5,Sarrià-Sant Gervasi,26,Sant Gervasi - Galvany,41.397795,2.143383,415,100,0,315,133.4,104.9,0.0,139.0,913.1,719.0,951.6,6863.3,6896.0,6856.8,0.0138
2021,5,Sarrià-Sant Gervasi,27,el Putget i Farró,41.407317,2.143424,263,20,1,242,94.4,84.1,96.0,95.2,455.7,604.9,442.7,5011.4,7239.5,4816.3,0.0138
2021,6,Gràcia,28,Vallcarca i els Penitents,41.415526,2.142243,157,37,2,118,92.8,96.9,55.0,91.8,354.7,385.0,344.4,3931.6,3846.8,3960.5,0.0138
2021,6,Gràcia,29,el Coll,41.417907,2.148075,99,49,0,50,73.6,77.3,0.0,70.3,245.4,277.8,217.1,3330.1,3598.7,3095.1,0.0138
2021,6,Gràcia,30,la Salut,41.442733,2.224576,121,1,0,120,81.7,62.0,0.0,81.9,331.1,0.0,331.9,4086.8,0.0,4089.1,0.0138
2021,6,Gràcia,31,Vila de Gràcia,41.403178,2.157166,419,12,0,407,79.6,64.4,0.0,80.0,341.5,330.8,341.8,4402.1,5409.5,4377.3,0.0138
2021,6,Gràcia,32,el Camp d'en Grassot i Gràcia Nova,41.404589,2.166781,276,3,0,273,76.0,92.5,0.0,75.9,341.9,263.0,342.7,4410.9,3154.6,4424.2,0.0138
2021,7,Horta-Guinardó,33,el Baix Guinardó,41.411437,2.168651,224,1,2,221,72.5,138.0,92.0,72.1,253.8,0.0,249.6,3353.1,0.0,3345.6,0.0138
2021,7,Horta-Guinardó,34,Can Baró,41.416092,2.162402,76,0,0,76,72.3,0.0,0.0,72.3,257.8,0.0,257.8,3250.4,0.0,3250.4,0.0138
2021,7,Horta-Guinardó,35,el Guinardó,41.417733,2.173632,347,60,1,286,71.3,79.7,64.0,69.3,239.7,274.6,226.0,3425.9,3616.1,3351.4,0.0138
2021,7,Horta-Guinardó,36,la Font d'en Fargues,41.425788,2.165915,76,5,0,71,82.2,54.5,0.0,83.2,298.8,157.5,303.6,3730.3,3028.9,3754.1,0.0138
2021,7,Horta-Guinardó,37,el Carmel,41.425607,2.154894,311,81,0,230,61.6,65.4,0.0,60.2,138.2,128.7,142.0,2337.1,2027.2,2458.9,0.0138
2021,7,Horta-Guinardó,38,la Teixonera,41.423173,2.14597,145,61,0,84,60.6,59.4,0.0,61.5,168.2,127.7,205.5,2610.1,2115.7,3065.7,0.0138
2021,7,Horta-Guinardó,39,Sant Genís dels Agudells,41.426457,2.137491,42,15,0,27,83.9,63.1,0.0,92.0,181.9,149.2,194.7,2463.3,2323.4,2518.1,0.0138
2021,7,Horta-Guinardó,40,Montbau,41.42955,2.144538,53,11,0,42,65.0,61.4,0.0,65.9,172.9,156.6,177.4,2710.7,2584.3,2745.2,0.0138
2021,7,Horta-Guinardó,41,la Vall d'Hebron,41.430379,2.148624,26,5,2,19,67.4,53.0,72.5,69.5,249.4,186.7,261.9,3864.2,3702.5,3896.6,0.0138
2021,7,Horta-Guinardó,42,la Clota,41.427857,2.152407,3,0,1,2,0.0,0.0,0.0,0.0,0.0,0.0,0.0,0.0,0.0,0.0,0.0138
2021,7,Horta-Guinardó,43,Horta,41.42969,2.160315,219,46,1,172,73.7,85.0,62.0,71.0,216.5,263.0,203.2,3031.9,3158.3,2995.7,0.0138
2021,8,Nou Barris,44,Vilapicina i la Torre Llobeta,41.430019,2.176069,214,24,0,190,68.4,63.4,0.0,69.1,219.0,275.3,207.5,3216.0,4408.6,2970.9,0.0138
2021,8,Nou Barris,45,Porta,41.433188,2.176034,163,2,1,160,63.7,48.0,118.0,63.5,169.1,0.0,169.6,2839.6,0.0,2833.1,0.0138
2021,8,Nou Barris,46,el Turó de la Peira,41.432367,2.169068,144,1,0,143,62.4,0.0,0.0,62.4,148.0,0.0,148.0,2254.2,0.0,2254.2,0.0138
2021,8,Nou Barris,47,Can Peguera,41.434857,2.165785,6,0,0,6,77.2,0.0,0.0,77.2,188.0,0.0,188.0,2347.2,0.0,2347.2,0.0138
2021,8,Nou Barris,48,la Guineueta,41.440303,2.170402,87,0,0,87,76.0,0.0,0.0,76.0,196.3,0.0,196.3,2574.6,0.0,2574.6,0.0138
2021,8,Nou Barris,49,Canyelles,41.441704,2.166398,39,0,0,39,69.1,0.0,0.0,69.1,179.0,0.0,179.0,2436.3,0.0,2436.3,0.0138
2021,8,Nou Barris,50,les Roquetes,41.447798,2.176271,137,0,0,137,56.0,0.0,0.0,56.0,106.8,0.0,106.8,1902.0,0.0,1902.0,0.0138
2021,8,Nou Barris,51,Verdun,41.44404,2.17584,130,7,0,123,59.6,71.9,0.0,58.8,156.8,211.9,141.9,2400.1,3191.8,2186.9,0.0138
2021,8,Nou Barris,52,la Prosperitat,41.442333,2.179438,212,4,2,206,59.3,51.5,55.5,59.5,165.1,160.1,165.4,2754.3,3145.7,2729.1,0.0138
2021,8,Nou Barris,53,la Trinitat Nova,41.449714,2.183841,93,0,0,93,61.8,0.0,0.0,61.8,104.1,0.0,104.1,1954.8,0.0,1954.8,0.0138
2021,8,Nou Barris,54,Torre Baró,41.458011,2.183986,11,0,0,11,84.3,0.0,0.0,84.3,222.3,0.0,222.3,2133.5,0.0,2133.5,0.0138
2021,8,Nou Barris,55,Ciutat Meridiana,41.460665,2.174474,105,0,0,105,58.2,0.0,0.0,58.2,84.5,0.0,84.5,1408.6,0.0,1408.6,0.0138
2021,8,Nou Barris,56,Vallbona,41.463372,2.184051,4,0,0,4,68.0,0.0,0.0,68.0,0.0,0.0,0.0,0.0,0.0,0.0,0.0138
2021,9,Sant Andreu,57,la Trinitat Vella,41.450176,2.191344,104,1,0,103,59.3,40.0,0.0,59.5,107.7,0.0,108.1,1891.8,0.0,1829.7,0.0138
2021,9,Sant Andreu,58,Baró de Viver,41.44993,2.199523,19,0,0,19,70.8,0.0,0.0,70.8,0.0,0.0,0.0,0.0,0.0,0.0,0.0138
2021,9,Sant Andreu,59,el Bon Pastor,41.435984,2.205129,120,0,0,120,67.0,0.0,0.0,67.0,148.8,0.0,148.8,2196.8,0.0,2196.8,0.0138
2021,9,Sant Andreu,60,Sant Andreu,41.43725,2.195487,513,33,0,480,74.7,83.5,0.0,74.2,340.2,369.6,333.0,3791.1,4520.5,3613.6,0.0138
2021,9,Sant Andreu,61,la Sagrera,41.421279,2.186523,201,0,0,201,72.2,0.0,0.0,72.2,244.0,0.0,244.0,3473.2,0.0,3473.2,0.0138
2021,9,Sant Andreu,62,el Congrés i els Indians,41.423784,2.180821,153,6,0,147,75.1,64.5,0.0,75.4,282.7,351.0,275.7,3622.7,5590.0,3421.0,0.0138
2021,9,Sant Andreu,63,Navas,41.416044,2.186938,177,12,0,165,77.6,81.9,0.0,77.2,258.0,223.0,263.6,3215.0,2751.1,3289.2,0.0138
2021,10,Sant Martí,64,Camp de l'Arpa del Clot,41.410754,2.182816,328,12,0,316,69.0,0.0,0.0,69.0,237.0,0.0,237.0,3460.1,0.0,3460.1,0.0138
2021,10,Sant Martí,65,el Clot,41.410316,2.186721,177,0,0,177,71.8,0.0,0.0,71.8,249.3,0.0,249.3,3730.6,0.0,3730.6,0.0138
2021,10,Sant Martí,66,el Parc i la Llacuna del Poblenou,41.400733,2.191342,162,68,1,93,89.3,109.6,65.0,74.5,395.7,505.4,305.5,4339.7,4613.9,4114.1,0.0138
2021,10,Sant Martí,67,la Vila Olímpica del Poblenou,41.389868,2.196846,80,17,0,63,81.1,76.9,0.0,82.3,374.4,448.0,352.8,4531.0,5995.5,4101.7,0.0138
2021,10,Sant Martí,68,el Poblenou,41.400527,2.201729,377,68,14,295,73.9,83.7,56.3,72.4,348.8,441.0,326.1,4691.5,5393.9,4518.6,0.0138
2021,10,Sant Martí,69,Diagonal Mar i el Front Marítim del Poblenou,41.405228,2.213352,113,4,0,109,94.0,72.3,0.0,94.8,426.7,240.1,434.9,4455.1,3433.3,4500.0,0.0138
2021,10,Sant Martí,70,el Besòs i el Maresme,41.414979,2.213877,256,70,2,184,68.5,83.9,73.5,62.3,225.4,358.6,159.7,2938.6,4057.5,2387.4,0.0138
2021,10,Sant Martí,71,Provençals del Poblenou,41.411948,2.204125,144,33,7,104,72.6,70.1,85.7,72.6,238.4,229.3,242.0,3332.4,3244.1,3367.3,0.0138
2021,10,Sant Martí,72,Sant Martí de Provençals,41.416519,2.198968,195,0,0,195,72.7,0.0,0.0,72.7,190.2,0.0,190.2,2727.5,0.0,2727.5,0.0138
2021,10,Sant Martí,73,la Verneda i la Pau,41.42322,2.20294,239,2,0,237,73.4,75.0,0.0,73.4,168.4,0.0,168.9,2337.3,0.0,2344.5,0.0138
2020,1,Ciutat Vella,1,el Raval,41.379518,2.168368,232,12,0,220,59.6,65.3,0.0,59.3,208.0,291.3,203.1,3607.1,4480.4,3555.7,0.0151
2020,1,Ciutat Vella,2,el Barri Gòtic,41.383395,2.176912,147,10,0,137,92.6,68.6,0.0,94.4,373.0,337.7,375.7,4125.1,5028.1,4056.3,0.0151
2020,1,Ciutat Vella,3,la Barceloneta,41.380653,2.189927,141,16,0,125,45.9,50.4,0.0,45.3,203.7,200.9,204.1,4513.0,4069.7,4577.7,0.0151
2020,1,Ciutat Vella,4,"Sant Pere, Santa Caterina i la Ribera",41.384753,2.183755,201,17,0,184,70.1,90.6,0.0,68.0,328.0,624.4,296.8,4692.5,6723.2,4478.7,0.0151
2020,2,Eixample,5,el Fort Pienc,41.395925,2.182325,162,12,0,150,83.9,80.1,0.0,84.2,356.7,365.2,356.0,4197.3,4745.0,4148.3,0.0151
2020,2,Eixample,6,la Sagrada Família,41.403479,2.17441,255,0,0,255,71.1,0.0,0.0,71.1,288.3,0.0,288.3,4193.4,0.0,4193.4,0.0151
2020,2,Eixample,7,la Dreta de l'Eixample,41.395037,2.167207,263,12,1,250,113.1,92.3,78.0,114.0,624.4,599.9,625.3,5248.0,5101.5,5253.6,0.0151
2020,2,Eixample,8,l'Antiga Esquerra de l'Eixample,41.39,2.155,227,37,1,189,91.6,92.9,0.0,91.3,516.9,765.6,465.3,5587.4,8375.8,5007.9,0.0151
2020,2,Eixample,9,la Nova Esquerra de l'Eixample,41.383389,2.149,245,33,5,207,77.8,80.5,88.5,77.2,348.7,366.3,345.3,4589.4,4641.3,4579.3,0.0151
2020,2,Eixample,10,Sant Antoni,41.380052,2.163327,179,2,0,177,80.5,83.0,0.0,80.4,359.1,0.0,361.8,4353.8,0.0,4385.1,0.0151
2020,3,Sants-Montjuïc,11,el Poble Sec,41.37498,2.160572,263,6,0,257,59.1,63.8,0.0,59.0,236.2,246.5,235.2,4122.2,3991.1,4134.2,0.0151
2020,3,Sants-Montjuïc,12,la Marina del Prat Vermell,41.353842,2.142318,53,0,1,52,78.0,0.0,70.0,78.1,215.3,0.0,215.3,2738.6,0.0,2738.6,0.0151
2020,3,Sants-Montjuïc,13,la Marina de Port,41.360296,2.137584,150,1,0,149,70.0,43.0,0.0,70.2,208.7,0.0,210.1,3115.4,0.0,3120.7,0.0151
2020,3,Sants-Montjuïc,14,la Font de la Guatlla,41.370782,2.144676,37,1,0,36,68.2,39.0,0.0,69.1,229.7,0.0,233.9,3607.4,0.0,3637.1,0.0151
2020,3,Sants-Montjuïc,15,Hostafrancs,41.375263,2.143194,103,19,0,84,67.9,60.9,0.0,69.6,252.0,184.1,269.4,3654.1,2947.2,3836.2,0.0151
2020,3,Sants-Montjuïc,16,la Bordeta,41.369142,2.137373,134,3,0,131,71.1,60.5,0.0,71.3,310.9,260.0,313.5,4271.6,4131.3,4278.7,0.0151
2020,3,Sants-Montjuïc,17,Sants - Badal,41.375466,2.12771,202,20,0,182,68.9,77.8,0.0,68.2,257.4,304.1,239.9,3720.0,3954.5,3632.0,0.0151
2020,3,Sants-Montjuïc,18,Sants,41.375329,2.134912,205,12,0,193,70.4,74.7,0.0,70.2,291.3,335.0,287.6,3892.0,4394.0,3849.6,0.0151
2020,4,Les Corts,19,les Corts,41.385244,2.132863,259,45,0,214,86.9,84.0,0.0,87.5,436.4,520.4,414.9,4967.8,6107.8,4675.5,0.0151
2020,4,Les Corts,20,la Maternitat i Sant Ramon,41.381986,2.125608,136,49,0,87,84.9,88.9,0.0,82.2,386.2,390.1,381.6,4278.9,4371.3,4170.3,0.0151
2020,4,Les Corts,21,Pedralbes,41.39014,2.112218,76,8,0,68,140.2,173.7,0.0,136.6,1003.9,2127.7,874.3,7030.9,12154.2,6439.8,0.0151
2020,5,Sarrià-Sant Gervasi,22,"Vallvidrera, el Tibidabo i les Planes",41.415067,2.107482,29,1,0,28,217.8,146.0,0.0,222.5,413.8,0.0,426.3,2988.9,0.0,3085.4,0.0151
2020,5,Sarrià-Sant Gervasi,23,Sarrià,41.399373,2.121513,144,9,0,135,117.4,135.2,0.0,116.0,787.2,1753.9,702.7,6481.0,12322.8,5970.6,0.0151
2020,5,Sarrià-Sant Gervasi,24,les Tres Torres,41.397611,2.131184,70,3,0,67,136.1,91.3,0.0,138.2,762.6,433.3,780.6,5593.8,4741.0,5640.4,0.0151
2020,5,Sarrià-Sant Gervasi,25,Sant Gervasi - la Bonanova,41.405983,2.133405,117,14,0,103,125.1,115.5,0.0,126.4,674.3,573.3,689.5,5347.4,5042.9,5393.1,0.0151
2020,5,Sarrià-Sant Gervasi,26,Sant Gervasi - Galvany,41.397795,2.143383,232,54,0,178,133.5,108.9,0.0,140.7,761.5,642.7,796.3,5578.2,5826.9,5505.3,0.0151
2020,5,Sarrià-Sant Gervasi,27,el Putget i Farró,41.407317,2.143424,191,24,1,166,105.8,121.2,95.0,103.7,478.8,641.4,456.4,4650.3,5537.0,4527.8,0.0151
2020,6,Gràcia,28,Vallcarca i els Penitents,41.415526,2.142243,87,13,1,73,91.6,104.8,71.0,89.8,340.5,368.1,335.8,3773.7,3623.4,3799.7,0.0151
2020,6,Gràcia,29,el Coll,41.417907,2.148075,65,28,0,37,77.6,75.4,0.0,79.5,270.1,296.8,247.1,3524.3,3975.5,3135.3,0.0151
2020,6,Gràcia,30,la Salut,41.442733,2.224576,114,3,0,111,79.3,0.0,0.0,79.3,353.6,0.0,353.6,4519.7,0.0,4519.7,0.0151
2020,6,Gràcia,31,Vila de Gràcia,41.403178,2.157166,350,34,0,316,77.4,83.8,0.0,77.0,357.9,445.4,351.4,4699.0,5318.3,4652.5,0.0151
2020,6,Gràcia,32,el Camp d'en Grassot i Gràcia Nova,41.404589,2.166781,203,5,0,198,82.0,245.0,0.0,78.4,345.0,845.0,332.8,4319.1,3526.9,4338.5,0.0151
2020,7,Horta-Guinardó,33,el Baix Guinardó,41.411437,2.168651,159,0,0,159,72.7,0.0,0.0,72.7,271.4,0.0,271.4,3721.1,0.0,3721.1,0.0151
2020,7,Horta-Guinardó,34,Can Baró,41.416092,2.162402,85,0,0,85,73.5,0.0,0.0,73.5,231.4,0.0,231.4,2825.1,0.0,2825.1,0.0151
2020,7,Horta-Guinardó,35,el Guinardó,41.417733,2.173632,250,2,0,248,68.6,80.0,0.0,68.5,234.3,0.0,232.7,3453.8,0.0,3442.3,0.0151
2020,7,Horta-Guinardó,36,la Font d'en Fargues,41.425788,2.165915,55,1,0,54,89.6,174.0,0.0,88.0,308.8,0.0,307.1,3681.6,0.0,3708.2,0.0151
2020,7,Horta-Guinardó,37,el Carmel,41.425607,2.154894,212,65,3,144,64.1,66.6,69.5,63.1,167.9,183.2,161.6,2641.6,2723.7,2607.3,0.0151
2020,7,Horta-Guinardó,38,la Teixonera,41.423173,2.14597,82,23,0,59,64.6,58.5,0.0,66.9,175.4,169.2,177.8,2786.2,2923.5,2733.4,0.0151
2020,7,Horta-Guinardó,39,Sant Genís dels Agudells,41.426457,2.137491,41,5,0,36,67.5,57.0,0.0,68.5,168.2,84.4,176.9,2444.3,1575.8,2534.1,0.0151
2020,7,Horta-Guinardó,40,Montbau,41.42955,2.144538,31,2,1,28,67.3,60.5,69.0,67.9,169.0,0.0,168.0,2681.2,0.0,2648.8,0.0151
2020,7,Horta-Guinardó,41,la Vall d'Hebron,41.430379,2.148624,15,4,0,11,59.8,53.5,0.0,62.6,213.2,187.5,224.6,3755.8,3525.7,3858.1,0.0151
2020,7,Horta-Guinardó,42,la Clota,41.427857,2.152407,1,1,0,0,0.0,0.0,0.0,0.0,0.0,0.0,0.0,0.0,0.0,0.0,0.0151
2020,7,Horta-Guinardó,43,Horta,41.42969,2.160315,177,48,1,128,75.6,85.1,63.0,72.1,277.4,355.9,239.9,3531.4,4105.3,3257.2,0.0151
2020,8,Nou Barris,44,Vilapicina i la Torre Llobeta,41.430019,2.176069,85,3,0,82,72.7,57.0,0.0,73.0,207.8,250.0,207.0,2869.3,4386.0,2839.6,0.0151
2020,8,Nou Barris,45,Porta,41.433188,2.176034,111,1,0,110,67.8,73.0,0.0,67.7,188.6,0.0,186.5,2715.4,0.0,2691.1,0.0151
2020,8,Nou Barris,46,el Turó de la Peira,41.432367,2.169068,90,0,0,90,64.7,0.0,0.0,64.7,154.4,0.0,154.4,2373.1,0.0,2373.1,0.0151
2020,8,Nou Barris,47,Can Peguera,41.434857,2.165785,23,0,0,23,62.0,0.0,0.0,62.0,123.7,0.0,123.7,1932.6,0.0,1932.6,0.0151
2020,8,Nou Barris,48,la Guineueta,41.440303,2.170402,54,0,0,54,75.2,0.0,0.0,75.2,203.7,0.0,203.7,2566.6,0.0,2566.6,0.0151
2020,8,Nou Barris,49,Canyelles,41.441704,2.166398,29,0,0,29,74.5,0.0,0.0,74.5,200.0,0.0,200.0,2387.7,0.0,2387.7,0.0151
2020,8,Nou Barris,50,les Roquetes,41.447798,2.176271,119,0,0,119,57.1,0.0,0.0,57.1,140.8,0.0,140.8,2372.9,0.0,2372.9,0.0151
2020,8,Nou Barris,51,Verdun,41.44404,2.17584,84,3,0,81,57.3,85.0,0.0,56.5,159.7,280.5,149.2,2492.9,3300.0,2422.7,0.0151
2020,8,Nou Barris,52,la Prosperitat,41.442333,2.179438,138,1,0,137,60.8,86.0,0.0,60.6,152.4,0.0,149.8,2424.8,0.0,2415.6,0.0151
2020,8,Nou Barris,53,la Trinitat Nova,41.449714,2.183841,51,0,0,51,61.0,0.0,0.0,61.0,100.5,0.0,100.5,1895.3,0.0,1895.3,0.0151
2020,8,Nou Barris,54,Torre Baró,41.458011,2.183986,8,0,0,8,76.3,0.0,0.0,76.3,60.0,0.0,60.0,659.3,0.0,659.3,0.0151
2020,8,Nou Barris,55,Ciutat Meridiana,41.460665,2.174474,71,0,0,71,58.7,0.0,0.0,58.7,91.2,0.0,91.2,1567.5,0.0,1567.5,0.0151
2020,8,Nou Barris,56,Vallbona,41.463372,2.184051,4,0,0,4,65.0,0.0,0.0,65.0,155.0,0.0,155.0,1952.4,0.0,1952.4,0.0151
2020,9,Sant Andreu,57,la Trinitat Vella,41.450176,2.191344,110,0,0,110,64.4,0.0,0.0,64.4,149.6,0.0,149.6,2030.5,0.0,2030.5,0.0151
2020,9,Sant Andreu,58,Baró de Viver,41.44993,2.199523,15,0,0,15,68.2,0.0,0.0,68.2,262.5,0.0,262.5,3406.3,0.0,3406.3,0.0151
2020,9,Sant Andreu,59,el Bon Pastor,41.435984,2.205129,77,1,0,76,67.4,0.0,0.0,67.4,157.7,0.0,157.7,2298.4,0.0,2298.4,0.0151
2020,9,Sant Andreu,60,Sant Andreu,41.43725,2.195487,337,40,0,297,72.9,85.5,0.0,71.1,296.0,386.9,235.4,3725.4,4502.5,3207.3,0.0151
2020,9,Sant Andreu,61,la Sagrera,41.421279,2.186523,273,0,0,273,78.6,0.0,0.0,78.6,318.6,0.0,318.6,3810.2,0.0,3810.2,0.0151
2020,9,Sant Andreu,62,el Congrés i els Indians,41.423784,2.180821,124,7,0,117,77.2,67.4,0.0,77.8,396.1,836.2,332.0,4897.5,12452.8,3795.7,0.0151
2020,9,Sant Andreu,63,Navas,41.416044,2.186938,164,5,1,158,78.1,89.4,58.0,77.9,344.2,560.2,331.8,4099.5,6216.4,3977.9,0.0151
2020,10,Sant Martí,64,Camp de l'Arpa del Clot,41.410754,2.182816,309,16,0,293,72.4,99.3,0.0,72.0,285.0,550.2,281.1,3925.8,5564.5,3901.2,0.0151
2020,10,Sant Martí,65,el Clot,41.410316,2.186721,187,10,0,177,77.2,88.7,0.0,76.5,384.6,423.2,380.4,4355.0,4751.4,4311.9,0.0151
2020,10,Sant Martí,66,el Parc i la Llacuna del Poblenou,41.400733,2.191342,64,11,0,53,73.4,70.2,0.0,74.1,328.1,393.3,313.5,4675.9,5749.2,4434.9,0.0151
2020,10,Sant Martí,67,la Vila Olímpica del Poblenou,41.389868,2.196846,22,1,0,21,118.4,71.0,0.0,120.8,576.1,0.0,590.4,4927.3,0.0,4969.5,0.0151
2020,10,Sant Martí,68,el Poblenou,41.400527,2.201729,225,57,0,168,72.5,76.5,0.0,71.2,347.3,432.8,318.8,4801.0,5840.5,4454.4,0.0151
2020,10,Sant Martí,69,Diagonal Mar i el Front Marítim del Poblenou,41.405228,2.213352,51,3,0,48,93.6,74.7,0.0,94.9,535.3,240.0,557.5,5676.8,3214.0,5861.5,0.0151
2020,10,Sant Martí,70,el Besòs i el Maresme,41.414979,2.213877,188,10,1,177,63.3,86.2,0.0,62.4,175.3,222.4,173.0,2662.4,2436.3,2673.1,0.0151
2020,10,Sant Martí,71,Provençals del Poblenou,41.411948,2.204125,79,24,4,51,69.2,70.8,83.0,67.3,232.4,233.9,231.7,3463.0,3228.7,3583.1,0.0151
2020,10,Sant Martí,72,Sant Martí de Provençals,41.416519,2.198968,127,1,0,126,73.1,51.0,0.0,73.3,214.2,0.0,214.5,2870.4,0.0,2850.2,0.0151
2020,10,Sant Martí,73,la Verneda i la Pau,41.42322,2.20294,178,5,0,173,73.7,64.2,0.0,74.0,172.9,193.2,171.5,2412.3,3039.1,2369.4,0.0151
2019,1,Ciutat Vella,1,el Raval,41.379518,2.168368,436,11,0,425,58.7,56.1,0.0,58.8,207.9,384.7,202.4,3539.8,6999.1,3432.4,0.0169
2019,1,Ciutat Vella,2,el Barri Gòtic,41.383395,2.176912,218,49,0,169,85.9,88.0,0.0,85.3,417.9,545.7,379.8,5089.6,5947.5,4833.9,0.0169
2019,1,Ciutat Vella,3,la Barceloneta,41.380653,2.189927,181,11,0,170,45.9,37.9,0.0,46.4,227.0,171.8,230.7,4853.1,4684.4,4864.4,0.0169
2019,1,Ciutat Vella,4,"Sant Pere, Santa Caterina i la Ribera",41.384753,2.183755,309,18,1,290,71.6,104.8,80.0,69.5,316.8,456.0,308.3,4469.2,4553.9,4464.0,0.0169
2019,2,Eixample,5,el Fort Pienc,41.395925,2.182325,241,14,1,226,91.1,211.2,90.0,84.1,520.0,2471.9,394.1,4748.6,11407.8,4319.0,0.0169
2019,2,Eixample,6,la Sagrada Família,41.403479,2.17441,64,0,0,64,66.1,0.0,0.0,66.1,279.3,0.0,279.3,4280.4,0.0,4280.4,0.0169
2019,2,Eixample,7,la Dreta de l'Eixample,41.395037,2.167207,529,62,12,455,99.6,91.2,74.8,101.4,526.5,508.4,529.0,4993.2,5138.4,4972.4,0.0169
2019,2,Eixample,8,l'Antiga Esquerra de l'Eixample,41.39,2.155,255,21,0,234,90.7,99.7,0.0,89.8,453.2,602.1,435.9,4856.3,5715.9,4756.0,0.0169
2019,2,Eixample,9,la Nova Esquerra de l'Eixample,41.383389,2.149,204,11,1,192,74.6,62.8,78.0,75.4,320.4,241.2,327.4,4327.9,3991.4,4358.0,0.0169
2019,2,Eixample,10,Sant Antoni,41.380052,2.163327,206,2,1,203,77.6,58.5,101.0,77.7,332.4,0.0,335.9,4271.6,0.0,4299.2,0.0169
2019,3,Sants-Montjuïc,11,el Poble Sec,41.37498,2.160572,399,5,0,394,61.5,78.5,0.0,61.3,282.6,200.0,286.2,4329.1,2557.8,4405.3,0.0169
2019,3,Sants-Montjuïc,12,la Marina del Prat Vermell,41.353842,2.142318,8,0,1,7,67.3,0.0,70.0,66.8,89.0,0.0,89.0,1288.6,0.0,1288.6,0.0169
2019,3,Sants-Montjuïc,13,la Marina de Port,41.360296,2.137584,195,1,0,194,69.5,40.0,0.0,69.7,186.0,0.0,188.0,2896.5,0.0,2921.4,0.0169
2019,3,Sants-Montjuïc,14,la Font de la Guatlla,41.370782,2.144676,69,1,0,68,70.8,81.0,0.0,70.6,280.4,0.0,280.4,4048.3,0.0,4061.5,0.0169
2019,3,Sants-Montjuïc,15,Hostafrancs,41.375263,2.143194,127,17,0,110,76.5,75.1,0.0,76.6,306.2,405.9,296.9,3855.2,4983.6,3750.2,0.0169
2019,3,Sants-Montjuïc,16,la Bordeta,41.369142,2.137373,131,0,0,131,65.8,0.0,0.0,65.8,192.6,0.0,192.6,3091.8,0.0,3091.8,0.0169
2019,3,Sants-Montjuïc,17,Sants - Badal,41.375466,2.12771,146,2,0,144,65.6,62.0,0.0,65.6,244.0,0.0,242.8,3522.9,0.0,3486.1,0.0169
2019,3,Sants-Montjuïc,18,Sants,41.375329,2.134912,248,4,0,244,68.4,67.8,0.0,68.4,270.6,275.8,270.5,3737.1,3739.0,3737.1,0.0169
2019,4,Les Corts,19,les Corts,41.385244,2.132863,433,35,2,396,83.2,88.8,93.0,82.8,398.3,550.6,383.8,4710.5,6026.4,4585.6,0.0169
2019,4,Les Corts,20,la Maternitat i Sant Ramon,41.381986,2.125608,103,0,0,103,83.7,0.0,0.0,83.7,374.2,0.0,374.2,4202.7,0.0,4202.7,0.0169
2019,4,Les Corts,21,Pedralbes,41.39014,2.112218,90,9,0,81,145.3,195.2,0.0,139.1,1125.3,2600.7,927.1,7075.2,13069.8,6270.0,0.0169
2019,5,Sarrià-Sant Gervasi,22,"Vallvidrera, el Tibidabo i les Planes",41.415067,2.107482,27,0,0,27,130.3,0.0,0.0,130.3,459.9,0.0,459.9,4748.2,0.0,4748.2,0.0169
2019,5,Sarrià-Sant Gervasi,23,Sarrià,41.399373,2.121513,189,4,0,185,116.1,112.8,0.0,116.2,723.9,760.0,722.9,5909.4,6246.1,5900.3,0.0169
2019,5,Sarrià-Sant Gervasi,24,les Tres Torres,41.397611,2.131184,95,2,0,93,138.5,0.0,0.0,138.5,804.4,0.0,804.4,5743.0,0.0,5743.0,0.0169
2019,5,Sarrià-Sant Gervasi,25,Sant Gervasi - la Bonanova,41.405983,2.133405,176,29,0,147,119.9,94.3,0.0,124.7,677.0,622.4,687.5,5595.9,6104.2,5498.1,0.0169
2019,5,Sarrià-Sant Gervasi,26,Sant Gervasi - Galvany,41.397795,2.143383,295,62,0,233,120.2,116.7,0.0,121.2,656.1,680.5,649.2,5507.1,6156.2,5323.5,0.0169
2019,5,Sarrià-Sant Gervasi,27,el Putget i Farró,41.407317,2.143424,285,38,0,247,103.5,101.5,0.0,103.8,474.3,526.5,467.0,4660.1,5043.4,4606.6,0.0169
2019,6,Gràcia,28,Vallcarca i els Penitents,41.415526,2.142243,128,24,0,104,87.6,77.7,0.0,89.5,321.3,289.1,327.6,3739.2,4070.4,3675.0,0.0169
2019,6,Gràcia,29,el Coll,41.417907,2.148075,42,8,1,33,68.9,78.4,44.0,67.3,196.0,209.0,192.5,2780.7,2586.3,2833.0,0.0169
2019,6,Gràcia,30,la Salut,41.442733,2.224576,139,4,0,135,78.6,80.3,0.0,78.5,359.3,581.9,352.1,4603.5,7374.5,4513.4,0.0169
2019,6,Gràcia,31,Vila de Gràcia,41.403178,2.157166,308,27,0,281,80.6,87.4,0.0,79.9,424.8,380.5,429.4,5159.8,4751.6,5202.2,0.0169
2019,6,Gràcia,32,el Camp d'en Grassot i Gràcia Nova,41.404589,2.166781,268,2,0,266,80.8,106.0,0.0,80.6,367.7,0.0,366.4,4471.7,0.0,4462.9,0.0169
2019,7,Horta-Guinardó,33,el Baix Guinardó,41.411437,2.168651,295,0,0,295,70.1,0.0,0.0,70.1,272.4,0.0,272.4,3875.3,0.0,3875.3,0.0169
2019,7,Horta-Guinardó,34,Can Baró,41.416092,2.162402,92,0,0,92,70.2,0.0,0.0,70.2,221.6,0.0,221.6,3227.7,0.0,3227.7,0.0169
2019,7,Horta-Guinardó,35,el Guinardó,41.417733,2.173632,297,8,0,289,73.0,66.4,0.0,73.2,247.0,283.6,245.5,3361.3,4412.2,3317.0,0.0169
2019,7,Horta-Guinardó,36,la Font d'en Fargues,41.425788,2.165915,54,2,0,52,86.3,79.5,0.0,86.5,264.1,0.0,267.0,3492.9,0.0,3535.6,0.0169
2019,7,Horta-Guinardó,37,el Carmel,41.425607,2.154894,385,104,3,278,65.9,70.1,67.0,64.3,193.4,237.5,177.1,2734.7,3187.0,2567.3,0.0169
2019,7,Horta-Guinardó,38,la Teixonera,41.423173,2.14597,82,26,0,56,69.5,70.0,0.0,69.2,182.8,223.3,162.1,2722.9,3074.0,2543.5,0.0169
2019,7,Horta-Guinardó,39,Sant Genís dels Agudells,41.426457,2.137491,85,16,0,69,79.1,82.0,0.0,78.3,182.2,201.1,176.7,2365.5,2446.3,2342.1,0.0169
2019,7,Horta-Guinardó,40,Montbau,41.42955,2.144538,46,12,2,32,66.0,60.7,87.0,66.5,166.5,147.6,175.2,2624.4,2552.3,2657.1,0.0169
2019,7,Horta-Guinardó,41,la Vall d'Hebron,41.430379,2.148624,24,8,0,16,58.1,52.0,0.0,61.1,211.1,203.9,214.8,3663.9,3920.5,3535.6,0.0169
2019,7,Horta-Guinardó,42,la Clota,41.427857,2.152407,6,3,0,3,68.8,58.5,0.0,79.0,196.7,170.0,250.0,3038.0,2912.3,3289.5,0.0169
2019,7,Horta-Guinardó,43,Horta,41.42969,2.160315,257,43,3,211,73.1,71.5,62.7,73.6,244.7,257.0,241.2,3241.1,3549.8,3152.9,0.0169
2019,8,Nou Barris,44,Vilapicina i la Torre Llobeta,41.430019,2.176069,109,0,0,109,68.9,0.0,0.0,68.9,204.0,0.0,204.0,3062.0,0.0,3062.0,0.0169
2019,8,Nou Barris,45,Porta,41.433188,2.176034,142,2,0,140,64.7,74.0,0.0,64.6,179.7,0.0,177.9,2826.8,0.0,2822.6,0.0169
2019,8,Nou Barris,46,el Turó de la Peira,41.432367,2.169068,106,1,0,105,64.6,89.0,0.0,64.3,143.7,0.0,144.1,2213.6,0.0,2241.4,0.0169
2019,8,Nou Barris,47,Can Peguera,41.434857,2.165785,8,0,0,8,57.5,0.0,0.0,57.5,0.0,0.0,0.0,0.0,0.0,0.0,0.0169
2019,8,Nou Barris,48,la Guineueta,41.440303,2.170402,84,4,0,80,73.0,65.0,0.0,73.4,213.7,292.8,205.2,2969.8,4426.8,2812.3,0.0169
2019,8,Nou Barris,49,Canyelles,41.441704,2.166398,37,0,0,37,68.2,0.0,0.0,68.2,174.7,0.0,174.7,2394.2,0.0,2394.2,0.0169
2019,8,Nou Barris,50,les Roquetes,41.447798,2.176271,185,0,0,185,59.0,0.0,0.0,59.0,178.2,0.0,178.2,2740.7,0.0,2740.7,0.0169
2019,8,Nou Barris,51,Verdun,41.44404,2.17584,129,4,0,125,59.8,85.0,0.0,58.9,151.7,278.5,138.7,2444.4,3276.3,2359.1,0.0169
2019,8,Nou Barris,52,la Prosperitat,41.442333,2.179438,156,0,0,156,61.8,0.0,0.0,61.8,135.9,0.0,135.9,2173.9,0.0,2173.9,0.0169
2019,8,Nou Barris,53,la Trinitat Nova,41.449714,2.183841,69,0,0,69,54.9,0.0,0.0,54.9,89.6,0.0,89.6,1771.0,0.0,1771.0,0.0169
2019,8,Nou Barris,54,Torre Baró,41.458011,2.183986,8,0,0,8,80.3,0.0,0.0,80.3,150.8,0.0,150.8,2589.3,0.0,2589.3,0.0169
2019,8,Nou Barris,55,Ciutat Meridiana,41.460665,2.174474,126,0,0,126,58.4,0.0,0.0,58.4,88.5,0.0,88.5,1500.2,0.0,1500.2,0.0169
2019,8,Nou Barris,56,Vallbona,41.463372,2.184051,10,0,0,10,83.5,0.0,0.0,83.5,113.3,0.0,113.3,1399.2,0.0,1399.2,0.0169
2019,9,Sant Andreu,57,la Trinitat Vella,41.450176,2.191344,218,1,0,217,66.6,0.0,0.0,66.6,231.5,0.0,231.5,3146.4,0.0,3146.4,0.0169
2019,9,Sant Andreu,58,Baró de Viver,41.44993,2.199523,10,0,0,10,75.0,0.0,0.0,75.0,517.5,0.0,517.5,5888.9,0.0,5888.9,0.0169
2019,9,Sant Andreu,59,el Bon Pastor,41.435984,2.205129,140,5,1,134,70.3,83.0,99.0,69.6,155.6,114.9,157.3,2235.6,1395.7,2270.2,0.0169
2019,9,Sant Andreu,60,Sant Andreu,41.43725,2.195487,574,49,0,525,73.0,82.6,0.0,72.1,251.4,334.6,221.3,3320.8,4138.9,3025.6,0.0169
2019,9,Sant Andreu,61,la Sagrera,41.421279,2.186523,274,0,0,274,71.5,0.0,0.0,71.5,264.9,0.0,264.9,3620.8,0.0,3620.8,0.0169
2019,9,Sant Andreu,62,el Congrés i els Indians,41.423784,2.180821,165,1,0,164,71.8,62.0,0.0,71.9,236.0,0.0,236.8,3240.6,0.0,3237.5,0.0169
2019,9,Sant Andreu,63,Navas,41.416044,2.186938,207,5,0,202,82.8,91.5,0.0,82.6,387.2,371.7,387.5,4377.6,3983.0,4386.5,0.0169
2019,10,Sant Martí,64,Camp de l'Arpa del Clot,41.410754,2.182816,521,65,1,455,79.9,101.5,75.0,77.9,320.8,447.3,307.2,4011.7,4409.4,3969.2,0.0169
2019,10,Sant Martí,65,el Clot,41.410316,2.186721,500,11,2,487,80.9,73.0,87.0,81.1,348.2,327.2,348.8,4189.9,4534.6,4179.3,0.0169
2019,10,Sant Martí,66,el Parc i la Llacuna del Poblenou,41.400733,2.191342,68,1,0,67,61.9,70.0,0.0,61.8,237.6,0.0,238.5,3867.1,0.0,3889.0,0.0169
2019,10,Sant Martí,67,la Vila Olímpica del Poblenou,41.389868,2.196846,16,1,0,15,97.9,62.0,0.0,100.6,525.9,0.0,526.8,5361.4,0.0,5136.1,0.0169
2019,10,Sant Martí,68,el Poblenou,41.400527,2.201729,176,24,0,152,79.8,106.2,0.0,75.3,364.7,518.3,338.0,4535.7,4854.1,4480.4,0.0169
2019,10,Sant Martí,69,Diagonal Mar i el Front Marítim del Poblenou,41.405228,2.213352,46,0,0,46,95.0,0.0,0.0,95.0,579.9,0.0,579.9,5895.0,0.0,5895.0,0.0169
2019,10,Sant Martí,70,el Besòs i el Maresme,41.414979,2.213877,519,181,2,336,80.4,105.7,71.5,65.7,324.5,467.2,226.2,3684.8,4396.6,3194.3,0.0169
2019,10,Sant Martí,71,Provençals del Poblenou,41.411948,2.204125,27,7,1,19,79.9,88.3,75.0,76.9,362.3,238.3,424.3,4544.7,3349.2,5142.4,0.0169
2019,10,Sant Martí,72,Sant Martí de Provençals,41.416519,2.198968,180,20,0,160,73.9,62.3,0.0,75.5,298.8,297.5,299.0,3828.3,4794.8,3615.9,0.0169
2019,10,Sant Martí,73,la Verneda i la Pau,41.42322,2.20294,336,17,0,319,71.6,61.2,0.0,72.2,172.0,162.5,173.0,2480.0,2697.0,2458.0,0.0169
2018,1,Ciutat Vella,1,el Raval,41.379518,2.168368,539,20,0,519,62.8,71.5,0.0,62.4,262.8,525.0,246.5,3969.8,7344.2,3759.5,0.0199
2018,1,Ciutat Vella,2,el Barri Gòtic,41.383395,2.176912,174,32,0,142,97.4,109.5,0.0,94.5,541.6,1015.8,425.0,5162.7,7234.0,4653.4,0.0199
2018,1,Ciutat Vella,3,la Barceloneta,41.380653,2.189927,185,25,0,160,46.4,40.3,0.0,47.5,219.7,191.3,224.7,4905.4,4862.1,4913.0,0.0199
2018,1,Ciutat Vella,4,"Sant Pere, Santa Caterina i la Ribera",41.384753,2.183755,232,21,0,211,68.9,67.4,0.0,69.1,336.9,485.6,323.8,5169.4,9184.9,4816.4,0.0199
2018,2,Eixample,5,el Fort Pienc,41.395925,2.182325,235,4,0,231,84.9,74.8,0.0,85.1,408.1,405.1,408.1,4650.6,4770.1,4648.8,0.0199
2018,2,Eixample,6,la Sagrada Família,41.403479,2.17441,71,0,0,71,69.6,0.0,0.0,69.6,271.5,0.0,271.5,3833.1,0.0,3833.1,0.0199
2018,2,Eixample,7,la Dreta de l'Eixample,41.395037,2.167207,464,28,8,428,103.5,73.1,80.3,106.0,520.8,271.5,540.9,4436.4,3669.2,4498.1,0.0199
2018,2,Eixample,8,l'Antiga Esquerra de l'Eixample,41.39,2.155,247,19,0,228,86.8,107.6,0.0,84.9,388.0,435.0,382.8,4503.3,4489.5,4504.8,0.0199
2018,2,Eixample,9,la Nova Esquerra de l'Eixample,41.383389,2.149,194,12,0,182,79.1,83.4,0.0,78.9,305.0,270.0,307.3,4116.8,3283.2,4169.9,0.0199
2018,2,Eixample,10,Sant Antoni,41.380052,2.163327,217,3,0,214,73.6,72.7,0.0,73.6,285.9,246.7,287.8,4140.6,3412.4,4176.4,0.0199
2018,3,Sants-Montjuïc,11,el Poble Sec,41.37498,2.160572,396,2,0,394,60.2,60.0,0.0,60.2,225.5,0.0,225.2,3942.4,0.0,3950.5,0.0199
2018,3,Sants-Montjuïc,12,la Marina del Prat Vermell,41.353842,2.142318,8,0,3,5,71.2,0.0,70.0,72.3,89.3,0.0,89.3,1087.5,0.0,1087.5,0.0199
2018,3,Sants-Montjuïc,13,la Marina de Port,41.360296,2.137584,192,1,0,191,72.0,0.0,0.0,72.0,193.3,0.0,193.3,2961.0,0.0,2961.0,0.0199
2018,3,Sants-Montjuïc,14,la Font de la Guatlla,41.370782,2.144676,59,0,0,59,74.7,0.0,0.0,74.7,301.9,0.0,301.9,3952.1,0.0,3952.1,0.0199
2018,3,Sants-Montjuïc,15,Hostafrancs,41.375263,2.143194,150,20,0,130,71.6,82.0,0.0,69.8,247.1,281.4,241.1,3479.6,3590.3,3460.3,0.0199
2018,3,Sants-Montjuïc,16,la Bordeta,41.369142,2.137373,312,167,0,145,73.3,76.7,0.0,69.2,263.7,270.0,228.6,3495.2,3534.4,3277.7,0.0199
2018,3,Sants-Montjuïc,17,Sants - Badal,41.375466,2.12771,261,21,0,240,63.4,64.9,0.0,63.2,234.4,286.8,215.6,3607.6,4582.0,3259.6,0.0199
2018,3,Sants-Montjuïc,18,Sants,41.375329,2.134912,292,3,0,289,70.7,129.3,0.0,69.9,241.3,446.7,231.3,3230.4,4575.3,3165.3,0.0199
2018,4,Les Corts,19,les Corts,41.385244,2.132863,515,39,1,475,84.9,92.8,0.0,84.3,383.4,552.6,363.9,4361.2,5896.0,4184.5,0.0199
2018,4,Les Corts,20,la Maternitat i Sant Ramon,41.381986,2.125608,132,8,0,124,77.0,57.0,0.0,78.6,361.6,319.8,367.1,4367.3,5611.2,4201.4,0.0199
2018,4,Les Corts,21,Pedralbes,41.39014,2.112218,87,1,0,86,152.5,211.0,0.0,151.6,1000.9,0.0,990.9,6276.5,0.0,6254.8,0.0199
2018,5,Sarrià-Sant Gervasi,22,"Vallvidrera, el Tibidabo i les Planes",41.415067,2.107482,45,2,0,43,163.3,0.0,0.0,163.3,383.1,0.0,383.1,3139.2,0.0,3139.2,0.0199
2018,5,Sarrià-Sant Gervasi,23,Sarrià,41.399373,2.121513,159,6,0,153,116.9,186.6,0.0,114.2,692.7,854.0,686.1,5950.6,4251.9,6020.2,0.0199
2018,5,Sarrià-Sant Gervasi,24,les Tres Torres,41.397611,2.131184,81,1,0,80,139.4,152.0,0.0,139.3,844.7,0.0,849.1,6152.2,0.0,6190.0,0.0199
2018,5,Sarrià-Sant Gervasi,25,Sant Gervasi - la Bonanova,41.405983,2.133405,191,38,1,152,115.7,99.5,0.0,119.6,652.5,639.0,655.9,5738.0,6647.7,5509.0,0.0199
2018,5,Sarrià-Sant Gervasi,26,Sant Gervasi - Galvany,41.397795,2.143383,278,40,0,238,120.5,116.0,0.0,121.1,644.4,591.2,652.2,5253.3,5198.8,5261.3,0.0199
2018,5,Sarrià-Sant Gervasi,27,el Putget i Farró,41.407317,2.143424,368,73,3,292,104.3,98.1,76.0,106.2,545.5,561.8,541.3,5313.2,5754.6,5199.4,0.0199
2018,6,Gràcia,28,Vallcarca i els Penitents,41.415526,2.142243,152,30,0,122,76.7,87.1,0.0,74.4,293.6,361.1,277.5,3775.1,3972.8,3728.0,0.0199
2018,6,Gràcia,29,el Coll,41.417907,2.148075,46,5,1,40,70.0,66.0,83.0,70.1,252.8,184.4,262.5,3487.3,2743.6,3593.5,0.0199
2018,6,Gràcia,30,la Salut,41.442733,2.224576,145,1,0,144,77.9,133.0,0.0,77.4,320.0,0.0,316.0,4217.8,0.0,4201.8,0.0199
2018,6,Gràcia,31,Vila de Gràcia,41.403178,2.157166,423,29,0,394,76.2,91.6,0.0,75.1,369.2,412.9,365.8,4722.1,4757.1,4719.3,0.0199
2018,6,Gràcia,32,el Camp d'en Grassot i Gràcia Nova,41.404589,2.166781,311,0,0,311,83.0,0.0,0.0,83.0,362.3,0.0,362.3,4330.0,0.0,4330.0,0.0199
2018,7,Horta-Guinardó,33,el Baix Guinardó,41.411437,2.168651,349,5,0,344,73.4,58.0,0.0,73.6,290.5,328.3,289.7,4007.9,5442.5,3978.8,0.0199
2018,7,Horta-Guinardó,34,Can Baró,41.416092,2.162402,99,0,0,99,65.0,0.0,0.0,65.0,212.7,0.0,212.7,3266.0,0.0,3266.0,0.0199
2018,7,Horta-Guinardó,35,el Guinardó,41.417733,2.173632,403,12,0,391,76.8,93.1,0.0,76.3,228.0,290.3,225.1,3005.2,3130.2,2999.4,0.0199
2018,7,Horta-Guinardó,36,la Font d'en Fargues,41.425788,2.165915,56,0,0,56,86.8,0.0,0.0,86.8,302.5,0.0,302.5,3436.8,0.0,3436.8,0.0199
2018,7,Horta-Guinardó,37,el Carmel,41.425607,2.154894,308,79,0,229,66.6,62.0,0.0,68.3,158.9,166.5,155.9,2431.7,2618.0,2359.7,0.0199
2018,7,Horta-Guinardó,38,la Teixonera,41.423173,2.14597,96,28,0,68,64.1,59.6,0.0,65.9,162.1,129.2,175.9,2536.2,2218.1,2669.2,0.0199
2018,7,Horta-Guinardó,39,Sant Genís dels Agudells,41.426457,2.137491,41,7,0,34,71.5,72.4,0.0,71.3,162.3,143.0,167.7,2302.8,1981.1,2392.1,0.0199
2018,7,Horta-Guinardó,40,Montbau,41.42955,2.144538,52,13,1,38,61.5,59.9,112.0,60.6,156.5,161.4,154.9,2602.7,2690.4,2573.4,0.0199
2018,7,Horta-Guinardó,41,la Vall d'Hebron,41.430379,2.148624,19,4,0,15,63.0,58.0,0.0,63.4,240.0,150.0,248.2,3806.8,2586.2,3917.8,0.0199
2018,7,Horta-Guinardó,42,la Clota,41.427857,2.152407,6,3,0,3,74.5,57.0,0.0,92.0,150.7,61.4,240.0,1844.1,1076.8,2611.5,0.0199
2018,7,Horta-Guinardó,43,Horta,41.42969,2.160315,231,50,6,175,73.3,72.8,62.3,73.7,237.1,225.0,240.9,3092.9,3137.0,3079.3,0.0199
2018,8,Nou Barris,44,Vilapicina i la Torre Llobeta,41.430019,2.176069,85,1,0,84,73.1,82.0,0.0,73.0,203.1,0.0,199.5,2812.8,0.0,2774.4,0.0199
2018,8,Nou Barris,45,Porta,41.433188,2.176034,255,0,0,255,68.8,0.0,0.0,68.8,159.9,0.0,159.9,2264.1,0.0,2264.1,0.0199
2018,8,Nou Barris,46,el Turó de la Peira,41.432367,2.169068,96,0,0,96,62.0,0.0,0.0,62.0,131.5,0.0,131.5,2084.6,0.0,2084.6,0.0199
2018,8,Nou Barris,47,Can Peguera,41.434857,2.165785,7,0,0,7,55.7,0.0,0.0,55.7,101.8,0.0,101.8,1542.0,0.0,1542.0,0.0199
2018,8,Nou Barris,48,la Guineueta,41.440303,2.170402,62,0,0,62,73.2,0.0,0.0,73.2,192.0,0.0,192.0,2464.3,0.0,2464.3,0.0199
2018,8,Nou Barris,49,Canyelles,41.441704,2.166398,30,0,0,30,78.0,0.0,0.0,78.0,155.1,0.0,155.1,2210.2,0.0,2210.2,0.0199
2018,8,Nou Barris,50,les Roquetes,41.447798,2.176271,166,0,0,166,59.0,0.0,0.0,59.0,178.1,0.0,178.1,2726.5,0.0,2726.5,0.0199
2018,8,Nou Barris,51,Verdun,41.44404,2.17584,110,0,0,110,56.8,0.0,0.0,56.8,136.2,0.0,136.2,2394.8,0.0,2394.8,0.0199
2018,8,Nou Barris,52,la Prosperitat,41.442333,2.179438,124,0,0,124,58.3,0.0,0.0,58.3,132.6,0.0,132.6,2408.6,0.0,2408.6,0.0199
2018,8,Nou Barris,53,la Trinitat Nova,41.449714,2.183841,68,0,2,66,56.7,0.0,0.0,56.7,85.9,0.0,85.9,1556.1,0.0,1556.1,0.0199
2018,8,Nou Barris,54,Torre Baró,41.458011,2.183986,7,0,0,7,82.8,0.0,0.0,82.8,82.0,0.0,82.0,709.9,0.0,709.9,0.0199
2018,8,Nou Barris,55,Ciutat Meridiana,41.460665,2.174474,105,0,0,105,59.0,0.0,0.0,59.0,89.5,0.0,89.5,1552.2,0.0,1552.2,0.0199
2018,8,Nou Barris,56,Vallbona,41.463372,2.184051,10,0,0,10,76.1,0.0,0.0,76.1,162.5,0.0,162.5,2160.7,0.0,2160.7,0.0199
2018,9,Sant Andreu,57,la Trinitat Vella,41.450176,2.191344,225,1,0,224,68.1,0.0,0.0,68.1,149.6,0.0,149.6,2174.9,0.0,2174.9,0.0199
2018,9,Sant Andreu,58,Baró de Viver,41.44993,2.199523,23,0,0,23,83.7,0.0,0.0,83.7,281.3,0.0,281.3,3196.1,0.0,3196.1,0.0199
2018,9,Sant Andreu,59,el Bon Pastor,41.435984,2.205129,106,7,1,98,67.6,67.9,99.0,67.3,157.2,211.1,151.7,2313.9,3192.3,2224.8,0.0199
2018,9,Sant Andreu,60,Sant Andreu,41.43725,2.195487,538,11,0,527,73.7,72.0,0.0,73.8,221.9,379.7,214.5,3122.5,5581.6,3006.9,0.0199
2018,9,Sant Andreu,61,la Sagrera,41.421279,2.186523,345,0,0,345,70.9,0.0,0.0,70.9,279.4,0.0,279.4,3753.6,0.0,3753.6,0.0199
2018,9,Sant Andreu,62,el Congrés i els Indians,41.423784,2.180821,131,8,0,123,70.6,80.4,0.0,69.9,190.9,155.5,200.0,2696.0,1935.5,2892.3,0.0199
2018,9,Sant Andreu,63,Navas,41.416044,2.186938,247,6,1,240,81.3,60.0,74.0,81.7,388.4,259.8,391.7,4546.6,4562.8,4546.2,0.0199
2018,10,Sant Martí,64,Camp de l'Arpa del Clot,41.410754,2.182816,546,13,1,532,79.2,90.7,0.0,78.9,326.5,430.8,323.1,4063.6,4725.4,4042.3,0.0199
2018,10,Sant Martí,65,el Clot,41.410316,2.186721,450,35,3,412,81.8,99.6,74.3,80.9,372.8,516.5,362.9,4422.7,5298.0,4362.9,0.0199
2018,10,Sant Martí,66,el Parc i la Llacuna del Poblenou,41.400733,2.191342,66,0,0,66,72.2,0.0,0.0,72.2,286.7,0.0,286.7,3979.0,0.0,3979.0,0.0199
2018,10,Sant Martí,67,la Vila Olímpica del Poblenou,41.389868,2.196846,25,0,0,25,107.6,0.0,0.0,107.6,483.7,0.0,483.7,4304.0,0.0,4304.0,0.0199
2018,10,Sant Martí,68,el Poblenou,41.400527,2.201729,131,19,0,112,79.0,86.8,0.0,77.7,367.0,427.3,356.3,4371.4,4708.8,4311.4,0.0199
2018,10,Sant Martí,69,Diagonal Mar i el Front Marítim del Poblenou,41.405228,2.213352,36,0,0,36,93.0,0.0,0.0,93.0,556.3,0.0,556.3,5745.9,0.0,5745.9,0.0199
2018,10,Sant Martí,70,el Besòs i el Maresme,41.414979,2.213877,325,16,2,307,68.7,90.9,72.5,67.4,227.9,355.1,219.6,3036.0,3774.8,2987.7,0.0199
2018,10,Sant Martí,71,Provençals del Poblenou,41.411948,2.204125,34,6,4,24,68.4,68.7,75.5,67.1,270.1,224.5,283.8,4037.3,3301.0,4258.1,0.0199
2018,10,Sant Martí,72,Sant Martí de Provençals,41.416519,2.198968,166,3,0,163,71.6,55.5,0.0,71.8,254.0,210.0,255.0,3369.5,3853.5,3358.2,0.0199
2018,10,Sant Martí,73,la Verneda i la Pau,41.42322,2.20294,315,9,1,305,72.3,59.1,66.0,72.8,158.9,133.1,160.4,2297.7,2290.1,2298.1,0.0199
2017,1,Ciutat Vella,1,el Raval,41.379518,2.168368,712,3,0,709,62.1,80.5,0.0,62.0,240.3,292.5,240.0,3469.9,3633.1,3468.9,0.0183
2017,1,Ciutat Vella,2,el Barri Gòtic,41.383395,2.176912,304,39,0,265,99.3,121.9,0.0,96.0,472.7,799.5,424.0,4565.8,5397.4,4441.9,0.0183
2017,1,Ciutat Vella,3,la Barceloneta,41.380653,2.189927,209,19,0,190,44.7,46.6,0.0,44.5,197.7,192.8,198.2,4501.1,3967.5,4551.3,0.0183
2017,1,Ciutat Vella,4,"Sant Pere, Santa Caterina i la Ribera",41.384753,2.183755,395,24,0,371,68.1,62.6,0.0,68.4,314.3,375.8,310.4,4593.7,5973.2,4506.9,0.0183
2017,2,Eixample,5,el Fort Pienc,41.395925,2.182325,324,33,1,290,86.8,99.1,88.0,85.3,400.4,507.5,383.2,4296.6,4787.3,4217.6,0.0183
2017,2,Eixample,6,la Sagrada Família,41.403479,2.17441,80,0,0,80,74.0,0.0,0.0,74.0,255.8,0.0,255.8,3494.5,0.0,3494.5,0.0183
2017,2,Eixample,7,la Dreta de l'Eixample,41.395037,2.167207,512,24,12,476,104.6,81.7,78.4,106.6,519.8,257.7,535.3,4628.0,2878.1,4731.0,0.0183
2017,2,Eixample,8,l'Antiga Esquerra de l'Eixample,41.39,2.155,317,19,1,297,87.3,95.4,0.0,86.7,372.2,478.7,363.4,4218.9,4704.4,4178.8,0.0183
2017,2,Eixample,9,la Nova Esquerra de l'Eixample,41.383389,2.149,227,39,1,187,78.6,76.4,73.0,79.2,339.6,431.9,310.2,4519.0,6053.1,4030.3,0.0183
2017,2,Eixample,10,Sant Antoni,41.380052,2.163327,228,0,0,228,79.0,0.0,0.0,79.0,297.9,0.0,297.9,3322.7,0.0,3322.7,0.0183
2017,3,Sants-Montjuïc,11,el Poble Sec,41.37498,2.160572,423,4,0,419,62.6,74.8,0.0,62.4,260.5,307.0,258.0,3554.6,4105.7,3524.8,0.0183
2017,3,Sants-Montjuïc,12,la Marina del Prat Vermell,41.353842,2.142318,29,0,11,18,71.1,0.0,70.0,73.0,99.1,0.0,99.1,1381.4,0.0,1381.4,0.0183
2017,3,Sants-Montjuïc,13,la Marina de Port,41.360296,2.137584,269,0,0,269,74.5,0.0,0.0,74.5,166.3,0.0,166.3,2497.0,0.0,2497.0,0.0183
2017,3,Sants-Montjuïc,14,la Font de la Guatlla,41.370782,2.144676,74,0,0,74,84.0,0.0,0.0,84.0,235.1,0.0,235.1,3056.9,0.0,3056.9,0.0183
2017,3,Sants-Montjuïc,15,Hostafrancs,41.375263,2.143194,131,2,0,129,73.5,77.0,0.0,73.5,263.3,0.0,263.0,3276.3,0.0,3270.9,0.0183
2017,3,Sants-Montjuïc,16,la Bordeta,41.369142,2.137373,247,122,0,125,73.6,76.1,0.0,70.8,288.1,300.4,222.9,3803.9,3962.8,2958.9,0.0183
2017,3,Sants-Montjuïc,17,Sants - Badal,41.375466,2.12771,227,5,0,222,72.5,70.8,0.0,72.6,251.5,323.5,245.3,2911.1,4425.1,2782.2,0.0183
2017,3,Sants-Montjuïc,18,Sants,41.375329,2.134912,354,5,0,349,69.6,65.4,0.0,69.7,338.3,230.0,344.4,4683.4,3635.4,4743.0,0.0183
2017,4,Les Corts,19,les Corts,41.385244,2.132863,590,68,35,487,81.2,93.4,63.7,80.9,417.3,669.8,357.2,4737.6,7252.9,4138.7,0.0183
2017,4,Les Corts,20,la Maternitat i Sant Ramon,41.381986,2.125608,119,2,0,117,83.0,60.5,0.0,83.5,369.9,0.0,374.0,4018.5,0.0,3995.1,0.0183
2017,4,Les Corts,21,Pedralbes,41.39014,2.112218,111,0,0,111,157.2,0.0,0.0,157.2,890.0,0.0,890.0,5290.3,0.0,5290.3,0.0183
2017,5,Sarrià-Sant Gervasi,22,"Vallvidrera, el Tibidabo i les Planes",41.415067,2.107482,49,0,0,49,154.4,0.0,0.0,154.4,391.3,0.0,391.3,2887.9,0.0,2887.9,0.0183
2017,5,Sarrià-Sant Gervasi,23,Sarrià,41.399373,2.121513,203,2,0,201,110.0,148.5,0.0,109.5,690.1,0.0,690.2,6159.2,0.0,6177.7,0.0183
2017,5,Sarrià-Sant Gervasi,24,les Tres Torres,41.397611,2.131184,107,7,0,100,146.3,132.0,0.0,147.2,805.7,634.8,816.1,5649.1,5001.9,5688.5,0.0183
2017,5,Sarrià-Sant Gervasi,25,Sant Gervasi - la Bonanova,41.405983,2.133405,301,42,0,259,122.1,105.5,0.0,124.5,612.3,474.7,632.9,5003.2,4481.2,5081.1,0.0183
2017,5,Sarrià-Sant Gervasi,26,Sant Gervasi - Galvany,41.397795,2.143383,323,46,1,276,118.1,134.5,89.0,115.4,583.6,593.3,581.7,4787.6,4736.0,4797.6,0.0183
2017,5,Sarrià-Sant Gervasi,27,el Putget i Farró,41.407317,2.143424,386,39,1,346,107.9,121.3,73.0,107.0,523.2,467.5,527.7,4839.6,4040.2,4903.1,0.0183
2017,6,Gràcia,28,Vallcarca i els Penitents,41.415526,2.142243,171,35,3,133,94.4,98.8,83.0,93.6,337.2,350.7,334.0,3597.2,3735.1,3564.8,0.0183
2017,6,Gràcia,29,el Coll,41.417907,2.148075,59,12,0,47,74.1,80.9,0.0,72.2,205.8,228.7,199.3,2741.6,2817.5,2720.0,0.0183
2017,6,Gràcia,30,la Salut,41.442733,2.224576,161,3,0,158,85.4,67.5,0.0,85.7,310.9,225.0,312.3,3853.7,3337.4,3862.0,0.0183
2017,6,Gràcia,31,Vila de Gràcia,41.403178,2.157166,422,19,0,403,85.2,97.7,0.0,84.6,432.2,483.2,429.8,4570.6,4945.8,4552.9,0.0183
2017,6,Gràcia,32,el Camp d'en Grassot i Gràcia Nova,41.404589,2.166781,299,4,0,295,85.5,149.0,0.0,85.2,362.5,335.0,362.6,4005.0,2248.2,4011.9,0.0183
2017,7,Horta-Guinardó,33,el Baix Guinardó,41.411437,2.168651,411,14,0,397,72.3,95.2,0.0,71.4,272.5,385.6,265.1,3552.0,4065.2,3518.3,0.0183
2017,7,Horta-Guinardó,34,Can Baró,41.416092,2.162402,126,0,0,126,86.4,0.0,0.0,86.4,221.3,0.0,221.3,2423.7,0.0,2423.7,0.0183
2017,7,Horta-Guinardó,35,el Guinardó,41.417733,2.173632,388,1,0,387,73.7,86.0,0.0,73.7,202.2,0.0,201.8,2742.6,0.0,2740.0,0.0183
2017,7,Horta-Guinardó,36,la Font d'en Fargues,41.425788,2.165915,87,11,0,76,83.7,83.8,0.0,83.7,277.3,274.6,277.7,3397.6,3229.6,3420.5,0.0183
2017,7,Horta-Guinardó,37,el Carmel,41.425607,2.154894,344,69,2,273,66.5,60.4,74.0,68.0,144.6,135.7,146.9,2147.3,2246.4,2120.8,0.0183
2017,7,Horta-Guinardó,38,la Teixonera,41.423173,2.14597,92,21,2,69,67.7,62.4,76.0,69.1,144.0,149.8,142.1,2217.4,2394.6,2161.4,0.0183
2017,7,Horta-Guinardó,39,Sant Genís dels Agudells,41.426457,2.137491,40,7,1,32,79.8,139.8,61.0,67.6,157.6,234.2,140.6,2081.0,2242.1,2045.2,0.0183
2017,7,Horta-Guinardó,40,Montbau,41.42955,2.144538,41,12,1,28,65.1,67.4,0.0,63.9,140.8,141.0,140.7,2198.8,2137.6,2230.8,0.0183
2017,7,Horta-Guinardó,41,la Vall d'Hebron,41.430379,2.148624,25,7,0,18,59.8,52.9,0.0,62.6,210.4,175.0,224.9,3615.3,3384.0,3710.5,0.0183
2017,7,Horta-Guinardó,42,la Clota,41.427857,2.152407,2,1,0,1,265.0,467.0,0.0,63.0,0.0,0.0,0.0,0.0,0.0,0.0,0.0183
2017,7,Horta-Guinardó,43,Horta,41.42969,2.160315,259,47,1,211,73.5,77.0,67.0,72.8,192.9,205.4,189.6,2602.4,2713.5,2573.5,0.0183
2017,8,Nou Barris,44,Vilapicina i la Torre Llobeta,41.430019,2.176069,100,3,0,97,70.9,59.0,0.0,71.3,172.5,220.0,170.9,2585.4,3733.8,2546.7,0.0183
2017,8,Nou Barris,45,Porta,41.433188,2.176034,185,0,0,185,67.9,0.0,0.0,67.9,171.0,0.0,171.0,2478.1,0.0,2478.1,0.0183
2017,8,Nou Barris,46,el Turó de la Peira,41.432367,2.169068,93,4,0,89,61.3,54.0,0.0,61.6,107.8,91.8,112.1,1756.9,1688.2,1775.2,0.0183
2017,8,Nou Barris,47,Can Peguera,41.434857,2.165785,10,0,0,10,63.1,0.0,0.0,63.1,114.4,0.0,114.4,1713.6,0.0,1713.6,0.0183
2017,8,Nou Barris,48,la Guineueta,41.440303,2.170402,83,1,0,82,71.5,87.0,0.0,71.2,175.0,0.0,172.7,2261.7,0.0,2245.0,0.0183
2017,8,Nou Barris,49,Canyelles,41.441704,2.166398,35,0,0,35,72.0,0.0,0.0,72.0,128.6,0.0,128.6,1586.9,0.0,1586.9,0.0183
2017,8,Nou Barris,50,les Roquetes,41.447798,2.176271,155,0,0,155,58.8,0.0,0.0,58.8,106.7,0.0,106.7,1837.0,0.0,1837.0,0.0183
2017,8,Nou Barris,51,Verdun,41.44404,2.17584,108,0,0,108,58.0,0.0,0.0,58.0,116.8,0.0,116.8,2023.6,0.0,2023.6,0.0183
2017,8,Nou Barris,52,la Prosperitat,41.442333,2.179438,164,0,0,164,59.3,0.0,0.0,59.3,132.0,0.0,132.0,2020.1,0.0,2020.1,0.0183
2017,8,Nou Barris,53,la Trinitat Nova,41.449714,2.183841,94,0,2,92,57.0,0.0,65.0,56.8,73.6,0.0,73.6,1381.7,0.0,1381.7,0.0183
2017,8,Nou Barris,54,Torre Baró,41.458011,2.183986,9,0,0,9,77.6,0.0,0.0,77.6,97.0,0.0,97.0,1380.5,0.0,1380.5,0.0183
2017,8,Nou Barris,55,Ciutat Meridiana,41.460665,2.174474,103,0,0,103,59.9,0.0,0.0,59.9,77.1,0.0,77.1,1216.1,0.0,1216.1,0.0183
2017,8,Nou Barris,56,Vallbona,41.463372,2.184051,14,0,0,14,80.1,0.0,0.0,80.1,176.5,0.0,176.5,2243.7,0.0,2243.7,0.0183
2017,9,Sant Andreu,57,la Trinitat Vella,41.450176,2.191344,237,0,0,237,68.8,0.0,0.0,68.8,142.3,0.0,142.3,2057.9,0.0,2057.9,0.0183
2017,9,Sant Andreu,58,Baró de Viver,41.44993,2.199523,17,0,0,17,75.2,0.0,0.0,75.2,265.0,0.0,265.0,2763.0,0.0,2763.0,0.0183
2017,9,Sant Andreu,59,el Bon Pastor,41.435984,2.205129,118,6,0,112,72.0,82.5,0.0,71.4,144.4,106.0,147.1,1893.7,1289.0,1936.4,0.0183
2017,9,Sant Andreu,60,Sant Andreu,41.43725,2.195487,565,1,0,564,75.2,55.0,0.0,75.3,212.0,0.0,212.1,2781.2,0.0,2781.9,0.0183
2017,9,Sant Andreu,61,la Sagrera,41.421279,2.186523,340,0,0,340,69.4,0.0,0.0,69.4,231.6,0.0,231.6,3303.8,0.0,3303.8,0.0183
2017,9,Sant Andreu,62,el Congrés i els Indians,41.423784,2.180821,173,3,0,170,70.9,70.3,0.0,70.9,189.5,316.0,186.9,2709.5,4443.3,2672.9,0.0183
2017,9,Sant Andreu,63,Navas,41.416044,2.186938,250,10,0,240,83.6,60.5,0.0,84.7,350.3,289.4,354.2,3947.2,5144.0,3871.5,0.0183
2017,10,Sant Martí,64,Camp de l'Arpa del Clot,41.410754,2.182816,593,30,0,563,79.6,86.5,0.0,79.2,341.8,420.4,336.3,3988.8,4871.0,3927.3,0.0183
2017,10,Sant Martí,65,el Clot,41.410316,2.186721,709,124,2,583,95.8,137.5,101.5,86.0,348.2,441.3,322.9,3605.9,3305.0,3687.5,0.0183
2017,10,Sant Martí,66,el Parc i la Llacuna del Poblenou,41.400733,2.191342,77,1,0,76,76.8,94.0,0.0,76.5,289.8,0.0,286.3,3847.4,0.0,3821.2,0.0183
2017,10,Sant Martí,67,la Vila Olímpica del Poblenou,41.389868,2.196846,35,0,0,35,114.6,0.0,0.0,114.6,492.1,0.0,492.1,4315.3,0.0,4315.3,0.0183
2017,10,Sant Martí,68,el Poblenou,41.400527,2.201729,159,24,0,135,77.8,76.5,0.0,78.0,337.9,372.2,332.8,4347.4,4760.8,4285.7,0.0183
2017,10,Sant Martí,69,Diagonal Mar i el Front Marítim del Poblenou,41.405228,2.213352,64,3,0,61,92.8,79.0,0.0,93.0,672.5,250.0,680.2,6951.3,3164.6,7020.2,0.0183
2017,10,Sant Martí,70,el Besòs i el Maresme,41.414979,2.213877,367,32,2,333,69.0,68.3,82.0,69.0,215.9,167.2,221.8,2910.9,2581.1,2951.0,0.0183
2017,10,Sant Martí,71,Provençals del Poblenou,41.411948,2.204125,38,7,2,29,73.5,71.4,71.5,74.1,342.3,200.6,383.6,4555.3,2881.1,5043.6,0.0183
2017,10,Sant Martí,72,Sant Martí de Provençals,41.416519,2.198968,160,4,2,154,76.2,60.0,70.0,76.5,271.4,194.8,273.3,3325.9,3063.3,3332.2,0.0183
2017,10,Sant Martí,73,la Verneda i la Pau,41.42322,2.20294,326,18,0,308,70.6,56.3,0.0,71.4,138.3,134.2,138.8,2065.7,2417.2,2026.4,0.0183
2016,1,Ciutat Vella,1,el Raval,41.379518,2.168368,593,2,0,591,60.0,59.5,0.0,60.0,181.0,0.0,180.7,2805.2,0.0,2798.6,0.0191
2016,1,Ciutat Vella,2,el Barri Gòtic,41.383395,2.176912,375,118,0,257,94.5,89.0,0.0,97.3,422.8,409.2,430.0,4149.4,4700.7,3862.5,0.0191
2016,1,Ciutat Vella,3,la Barceloneta,41.380653,2.189927,282,35,0,247,49.0,62.7,0.0,47.3,212.2,409.5,186.4,4151.9,4477.2,4109.5,0.0191
2016,1,Ciutat Vella,4,"Sant Pere, Santa Caterina i la Ribera",41.384753,2.183755,385,18,0,367,76.6,94.7,0.0,75.7,293.1,473.7,284.0,3646.5,4753.5,3590.4,0.0191
2016,2,Eixample,5,el Fort Pienc,41.395925,2.182325,276,23,0,253,95.4,88.7,0.0,96.1,356.1,611.3,326.8,3762.4,6724.9,3421.7,0.0191
2016,2,Eixample,6,la Sagrada Família,41.403479,2.17441,80,0,0,80,72.5,0.0,0.0,72.5,205.9,0.0,205.9,2785.8,0.0,2785.8,0.0191
2016,2,Eixample,7,la Dreta de l'Eixample,41.395037,2.167207,452,40,10,402,105.3,82.8,66.7,108.2,398.4,255.0,412.3,3511.3,2844.6,3576.3,0.0191
2016,2,Eixample,8,l'Antiga Esquerra de l'Eixample,41.39,2.155,291,23,0,268,87.7,78.3,0.0,88.6,374.3,316.7,381.9,3923.1,4186.0,3888.6,0.0191
2016,2,Eixample,9,la Nova Esquerra de l'Eixample,41.383389,2.149,242,6,1,235,80.1,91.8,68.0,79.8,266.4,459.7,259.1,3282.6,5006.7,3217.6,0.0191
2016,2,Eixample,10,Sant Antoni,41.380052,2.163327,221,0,0,221,79.5,0.0,0.0,79.5,264.2,0.0,264.2,3024.7,0.0,3024.7,0.0191
2016,3,Sants-Montjuïc,11,el Poble Sec,41.37498,2.160572,432,2,0,430,62.8,59.5,0.0,62.8,155.2,0.0,155.7,2524.0,0.0,2528.3,0.0191
2016,3,Sants-Montjuïc,12,la Marina del Prat Vermell,41.353842,2.142318,11,0,5,6,71.9,0.0,70.0,73.8,79.3,0.0,79.3,1088.7,0.0,1088.7,0.0191
2016,3,Sants-Montjuïc,13,la Marina de Port,41.360296,2.137584,190,0,1,189,77.6,0.0,99.0,77.5,151.1,0.0,151.1,2098.2,0.0,2098.2,0.0191
2016,3,Sants-Montjuïc,14,la Font de la Guatlla,41.370782,2.144676,55,0,0,55,75.7,0.0,0.0,75.7,173.8,0.0,173.8,2398.5,0.0,2398.5,0.0191
2016,3,Sants-Montjuïc,15,Hostafrancs,41.375263,2.143194,115,3,1,111,77.6,52.0,109.0,78.1,199.1,119.7,201.7,2474.0,2356.2,2477.9,0.0191
2016,3,Sants-Montjuïc,16,la Bordeta,41.369142,2.137373,109,3,0,106,69.3,80.7,0.0,68.9,155.9,213.7,149.5,2297.8,2691.9,2254.0,0.0191
2016,3,Sants-Montjuïc,17,Sants - Badal,41.375466,2.12771,124,5,0,119,66.0,77.2,0.0,65.5,181.3,301.6,149.6,2571.6,3677.5,2280.6,0.0191
2016,3,Sants-Montjuïc,18,Sants,41.375329,2.134912,248,5,0,243,67.5,78.6,0.0,67.2,222.8,227.2,222.5,2984.8,2886.8,2992.9,0.0191
2016,4,Les Corts,19,les Corts,41.385244,2.132863,535,23,1,511,77.2,93.6,0.0,76.8,271.4,495.0,263.3,3535.3,5484.0,3464.3,0.0191
2016,4,Les Corts,20,la Maternitat i Sant Ramon,41.381986,2.125608,126,9,0,117,88.7,94.4,0.0,88.2,329.9,380.5,323.5,3435.3,4064.1,3355.6,0.0191
2016,4,Les Corts,21,Pedralbes,41.39014,2.112218,128,1,0,127,138.1,228.0,0.0,137.3,659.7,0.0,650.3,4480.0,0.0,4454.8,0.0191
2016,5,Sarrià-Sant Gervasi,22,"Vallvidrera, el Tibidabo i les Planes",41.415067,2.107482,26,0,0,26,170.0,0.0,0.0,170.0,438.0,0.0,438.0,2989.0,0.0,2989.0,0.0191
2016,5,Sarrià-Sant Gervasi,23,Sarrià,41.399373,2.121513,242,0,0,242,104.4,0.0,0.0,104.4,512.8,0.0,512.8,4514.9,0.0,4514.9,0.0191
2016,5,Sarrià-Sant Gervasi,24,les Tres Torres,41.397611,2.131184,121,16,0,105,138.9,105.2,0.0,142.6,680.4,520.9,698.9,4729.1,4874.8,4712.2,0.0191
2016,5,Sarrià-Sant Gervasi,25,Sant Gervasi - la Bonanova,41.405983,2.133405,266,50,0,216,127.1,124.5,0.0,127.7,643.3,730.2,623.0,4977.6,5755.1,4795.9,0.0191
2016,5,Sarrià-Sant Gervasi,26,Sant Gervasi - Galvany,41.397795,2.143383,338,62,0,276,123.4,133.1,0.0,121.0,582.0,638.9,568.0,4416.5,4743.0,4336.0,0.0191
2016,5,Sarrià-Sant Gervasi,27,el Putget i Farró,41.407317,2.143424,338,28,0,310,109.6,108.0,0.0,109.8,398.2,406.4,397.4,3749.1,3780.8,3746.2,0.0191
2016,6,Gràcia,28,Vallcarca i els Penitents,41.415526,2.142243,139,24,3,112,85.9,94.3,78.7,84.4,293.1,319.2,288.0,3287.3,3283.5,3288.0,0.0191
2016,6,Gràcia,29,el Coll,41.417907,2.148075,51,11,0,40,76.9,82.0,0.0,75.8,169.7,247.3,151.4,2283.5,2913.5,2135.3,0.0191
2016,6,Gràcia,30,la Salut,41.442733,2.224576,143,2,0,141,82.2,0.0,0.0,82.2,263.1,0.0,263.1,3188.6,0.0,3188.6,0.0191
2016,6,Gràcia,31,Vila de Gràcia,41.403178,2.157166,485,31,0,454,79.2,96.4,0.0,78.3,311.0,337.2,309.7,3703.6,3526.1,3712.6,0.0191
2016,6,Gràcia,32,el Camp d'en Grassot i Gràcia Nova,41.404589,2.166781,353,5,0,348,91.7,115.2,0.0,91.4,375.6,446.5,374.5,3705.0,4484.7,3692.4,0.0191
2016,7,Horta-Guinardó,33,el Baix Guinardó,41.411437,2.168651,317,1,0,316,73.5,86.0,0.0,73.4,222.8,0.0,222.9,2991.0,0.0,2994.9,0.0191
2016,7,Horta-Guinardó,34,Can Baró,41.416092,2.162402,96,0,0,96,71.0,0.0,0.0,71.0,164.9,0.0,164.9,2157.1,0.0,2157.1,0.0191
2016,7,Horta-Guinardó,35,el Guinardó,41.417733,2.173632,362,2,0,360,72.9,107.0,0.0,72.7,186.9,0.0,182.6,2443.2,0.0,2411.4,0.0191
2016,7,Horta-Guinardó,36,la Font d'en Fargues,41.425788,2.165915,68,6,0,62,101.4,76.8,0.0,104.1,249.7,196.0,255.6,2461.0,2494.7,2457.3,0.0191
2016,7,Horta-Guinardó,37,el Carmel,41.425607,2.154894,242,56,1,185,63.5,64.0,66.0,63.4,113.3,117.2,112.1,1765.4,1832.2,1744.3,0.0191
2016,7,Horta-Guinardó,38,la Teixonera,41.423173,2.14597,133,26,53,54,63.3,65.2,68.9,56.2,106.6,106.6,106.6,1812.9,1640.8,1889.4,0.0191
2016,7,Horta-Guinardó,39,Sant Genís dels Agudells,41.426457,2.137491,32,7,0,25,71.4,69.5,0.0,72.0,128.1,127.3,128.3,1761.9,1844.1,1734.5,0.0191
2016,7,Horta-Guinardó,40,Montbau,41.42955,2.144538,46,15,0,31,66.9,62.3,0.0,69.5,123.4,117.4,127.4,1905.4,1904.2,1906.2,0.0191
2016,7,Horta-Guinardó,41,la Vall d'Hebron,41.430379,2.148624,13,2,0,11,58.9,58.5,0.0,59.0,183.0,0.0,186.6,3073.7,0.0,3123.9,0.0191
2016,7,Horta-Guinardó,42,la Clota,41.427857,2.152407,3,3,0,0,467.0,467.0,0.0,0.0,160.0,160.0,0.0,342.6,342.6,0.0,0.0191
2016,7,Horta-Guinardó,43,Horta,41.42969,2.160315,248,88,5,155,75.3,76.9,61.6,74.8,210.8,263.7,168.3,2698.8,3356.1,2171.7,0.0191
2016,8,Nou Barris,44,Vilapicina i la Torre Llobeta,41.430019,2.176069,92,2,0,90,73.0,74.5,0.0,72.9,149.8,0.0,149.5,2172.8,0.0,2169.3,0.0191
2016,8,Nou Barris,45,Porta,41.433188,2.176034,190,2,0,188,66.1,47.0,0.0,66.3,137.0,0.0,139.0,2012.2,0.0,2031.5,0.0191
2016,8,Nou Barris,46,el Turó de la Peira,41.432367,2.169068,74,0,0,74,62.5,0.0,0.0,62.5,104.6,0.0,104.6,1552.8,0.0,1552.8,0.0191
2016,8,Nou Barris,47,Can Peguera,41.434857,2.165785,3,0,0,3,71.0,0.0,0.0,71.0,55.3,0.0,55.3,613.9,0.0,613.9,0.0191
2016,8,Nou Barris,48,la Guineueta,41.440303,2.170402,71,2,0,69,72.3,66.5,0.0,72.5,143.1,0.0,142.8,1904.0,0.0,1879.9,0.0191
2016,8,Nou Barris,49,Canyelles,41.441704,2.166398,36,0,0,36,74.5,0.0,0.0,74.5,136.8,0.0,136.8,1793.4,0.0,1793.4,0.0191
2016,8,Nou Barris,50,les Roquetes,41.447798,2.176271,164,0,0,164,61.7,0.0,0.0,61.7,131.7,0.0,131.7,1675.9,0.0,1675.9,0.0191
2016,8,Nou Barris,51,Verdun,41.44404,2.17584,81,0,0,81,58.3,0.0,0.0,58.3,99.6,0.0,99.6,1663.5,0.0,1663.5,0.0191
2016,8,Nou Barris,52,la Prosperitat,41.442333,2.179438,140,0,0,140,60.9,0.0,0.0,60.9,115.3,0.0,115.3,1837.4,0.0,1837.4,0.0191
2016,8,Nou Barris,53,la Trinitat Nova,41.449714,2.183841,66,0,0,66,58.5,0.0,0.0,58.5,67.0,0.0,67.0,1266.2,0.0,1266.2,0.0191
2016,8,Nou Barris,54,Torre Baró,41.458011,2.183986,7,0,0,7,84.0,0.0,0.0,84.0,110.0,0.0,110.0,1341.5,0.0,1341.5,0.0191
2016,8,Nou Barris,55,Ciutat Meridiana,41.460665,2.174474,74,0,0,74,58.4,0.0,0.0,58.4,61.8,0.0,61.8,1084.7,0.0,1084.7,0.0191
2016,8,Nou Barris,56,Vallbona,41.463372,2.184051,12,0,0,12,65.0,0.0,0.0,65.0,123.9,0.0,123.9,1594.1,0.0,1594.1,0.0191
2016,9,Sant Andreu,57,la Trinitat Vella,41.450176,2.191344,187,0,0,187,71.3,0.0,0.0,71.3,141.0,0.0,141.0,1945.8,0.0,1945.8,0.0191
2016,9,Sant Andreu,58,Baró de Viver,41.44993,2.199523,10,0,0,10,76.3,0.0,0.0,76.3,271.7,0.0,271.7,3111.9,0.0,3111.9,0.0191
2016,9,Sant Andreu,59,el Bon Pastor,41.435984,2.205129,85,0,0,85,68.6,0.0,0.0,68.6,120.6,0.0,120.6,1644.1,0.0,1644.1,0.0191
2016,9,Sant Andreu,60,Sant Andreu,41.43725,2.195487,389,2,0,387,71.7,73.5,0.0,71.7,167.3,0.0,167.4,2346.7,0.0,2349.2,0.0191
2016,9,Sant Andreu,61,la Sagrera,41.421279,2.186523,281,0,0,281,69.2,0.0,0.0,69.2,201.3,0.0,201.3,2649.1,0.0,2649.1,0.0191
2016,9,Sant Andreu,62,el Congrés i els Indians,41.423784,2.180821,177,5,0,172,73.0,76.0,0.0,72.9,158.0,153.6,158.2,2169.4,2013.3,2174.7,0.0191
2016,9,Sant Andreu,63,Navas,41.416044,2.186938,243,15,0,228,81.0,85.2,0.0,80.6,262.4,262.7,262.4,3088.0,3031.5,3095.6,0.0191
2016,10,Sant Martí,64,Camp de l'Arpa del Clot,41.410754,2.182816,529,11,0,518,77.2,68.0,0.0,77.5,269.4,278.7,269.2,3331.6,4332.4,3306.1,0.0191
2016,10,Sant Martí,65,el Clot,41.410316,2.186721,599,98,0,501,79.8,69.4,0.0,82.2,272.0,219.4,287.1,3201.2,3102.8,3229.3,0.0191
2016,10,Sant Martí,66,el Parc i la Llacuna del Poblenou,41.400733,2.191342,79,14,0,65,81.1,104.6,0.0,75.7,250.5,346.7,229.4,3129.7,3313.8,3089.1,0.0191
2016,10,Sant Martí,67,la Vila Olímpica del Poblenou,41.389868,2.196846,13,0,0,13,97.6,0.0,0.0,97.6,466.2,0.0,466.2,4550.7,0.0,4550.7,0.0191
2016,10,Sant Martí,68,el Poblenou,41.400527,2.201729,326,118,1,207,82.4,84.8,0.0,81.1,330.4,429.1,265.9,3919.3,4944.9,3249.2,0.0191
2016,10,Sant Martí,69,Diagonal Mar i el Front Marítim del Poblenou,41.405228,2.213352,52,2,0,50,93.6,71.0,0.0,94.6,539.3,0.0,552.7,5543.8,0.0,5645.7,0.0191
2016,10,Sant Martí,70,el Besòs i el Maresme,41.414979,2.213877,302,36,6,260,64.4,81.3,69.2,61.5,157.8,235.0,143.0,2263.8,2670.1,2185.7,0.0191
2016,10,Sant Martí,71,Provençals del Poblenou,41.411948,2.204125,26,5,4,17,77.2,78.6,71.5,78.3,246.6,173.0,283.4,3092.1,2159.1,3558.6,0.0191
2016,10,Sant Martí,72,Sant Martí de Provençals,41.416519,2.198968,177,16,3,158,78.0,77.9,75.5,78.1,276.3,305.5,270.8,3114.1,3574.1,3026.8,0.0191
2016,10,Sant Martí,73,la Verneda i la Pau,41.42322,2.20294,260,14,0,246,72.5,59.2,0.0,73.2,125.8,116.6,126.8,1790.6,1972.2,1770.9,0.0191
2015,1,Ciutat Vella,1,el Raval,41.379518,2.168368,450,0,0,450,69.3,0.0,0.0,69.3,193.8,0.0,193.8,2401.9,0.0,2401.9,0.0198
2015,1,Ciutat Vella,2,el Barri Gòtic,41.383395,2.176912,190,39,0,151,96.7,85.8,0.0,99.3,386.3,355.7,393.8,3193.4,2331.6,3404.2,0.0198
2015,1,Ciutat Vella,3,la Barceloneta,41.380653,2.189927,214,37,0,177,43.8,42.1,0.0,44.2,150.3,148.0,150.8,3474.4,3587.0,3449.7,0.0198
2015,1,Ciutat Vella,4,"Sant Pere, Santa Caterina i la Ribera",41.384753,2.183755,269,22,0,247,70.5,74.0,0.0,70.1,248.7,349.6,239.6,3479.4,5059.0,3335.8,0.0198
2015,2,Eixample,5,el Fort Pienc,41.395925,2.182325,228,34,0,194,88.1,84.6,0.0,88.7,351.2,464.6,327.0,3602.0,5621.3,3170.3,0.0198
2015,2,Eixample,6,la Sagrada Família,41.403479,2.17441,62,0,0,62,72.4,0.0,0.0,72.4,211.7,0.0,211.7,2983.9,0.0,2983.9,0.0198
2015,2,Eixample,7,la Dreta de l'Eixample,41.395037,2.167207,383,35,6,342,106.2,80.0,82.7,109.5,388.0,179.5,415.4,3311.0,2143.1,3464.3,0.0198
2015,2,Eixample,8,l'Antiga Esquerra de l'Eixample,41.39,2.155,306,21,2,283,87.4,74.2,96.5,88.4,334.0,299.5,337.2,3757.2,4729.4,3665.5,0.0198
2015,2,Eixample,9,la Nova Esquerra de l'Eixample,41.383389,2.149,226,20,0,206,83.4,91.3,0.0,82.6,265.5,560.5,225.8,3070.9,6084.2,2666.2,0.0198
2015,2,Eixample,10,Sant Antoni,41.380052,2.163327,195,2,0,193,80.0,73.0,0.0,80.0,235.5,0.0,236.8,3049.2,2545.3,3063.0,0.0198
2015,3,Sants-Montjuïc,11,el Poble Sec,41.37498,2.160572,364,1,0,363,62.2,0.0,0.0,62.2,143.0,0.0,143.0,2246.9,0.0,2246.9,0.0198
2015,3,Sants-Montjuïc,12,la Marina del Prat Vermell,41.353842,2.142318,5,0,3,2,71.0,0.0,70.0,72.5,0.0,0.0,0.0,0.0,0.0,0.0,0.0198
2015,3,Sants-Montjuïc,13,la Marina de Port,41.360296,2.137584,165,0,0,165,75.6,0.0,0.0,75.6,139.2,0.0,139.2,2124.1,0.0,2124.1,0.0198
2015,3,Sants-Montjuïc,14,la Font de la Guatlla,41.370782,2.144676,53,0,0,53,66.6,0.0,0.0,66.6,174.5,0.0,174.5,2685.3,0.0,2685.3,0.0198
2015,3,Sants-Montjuïc,15,Hostafrancs,41.375263,2.143194,96,10,0,86,67.1,58.5,0.0,67.6,169.5,111.3,172.8,2479.1,2029.6,2505.2,0.0198
2015,3,Sants-Montjuïc,16,la Bordeta,41.369142,2.137373,135,33,0,102,71.0,83.3,0.0,66.5,191.9,219.7,120.0,2577.0,2732.7,2174.7,0.0198
2015,3,Sants-Montjuïc,17,Sants - Badal,41.375466,2.12771,169,30,0,139,62.3,54.7,0.0,64.1,115.9,119.9,112.2,1984.2,2095.7,1879.8,0.0198
2015,3,Sants-Montjuïc,18,Sants,41.375329,2.134912,262,2,0,260,67.5,68.0,0.0,67.5,166.6,0.0,170.6,2391.8,0.0,2443.0,0.0198
2015,4,Les Corts,19,les Corts,41.385244,2.132863,531,79,1,451,82.4,82.6,0.0,82.3,281.7,466.3,261.0,3299.7,5474.9,3056.2,0.0198
2015,4,Les Corts,20,la Maternitat i Sant Ramon,41.381986,2.125608,123,16,0,107,86.5,83.1,0.0,87.0,302.6,325.8,296.7,3217.0,3928.3,3036.0,0.0198
2015,4,Les Corts,21,Pedralbes,41.39014,2.112218,112,6,0,106,150.8,183.6,0.0,148.7,793.5,1421.0,750.0,5191.6,7786.2,5011.5,0.0198
2015,5,Sarrià-Sant Gervasi,22,"Vallvidrera, el Tibidabo i les Planes",41.415067,2.107482,17,0,0,17,146.1,0.0,0.0,146.1,309.5,0.0,309.5,2070.6,0.0,2070.6,0.0198
2015,5,Sarrià-Sant Gervasi,23,Sarrià,41.399373,2.121513,256,8,0,248,113.7,108.1,0.0,113.9,607.7,419.6,614.5,4817.6,3790.2,4854.6,0.0198
2015,5,Sarrià-Sant Gervasi,24,les Tres Torres,41.397611,2.131184,111,3,0,108,142.0,216.5,0.0,140.5,651.2,832.9,647.2,4591.9,3856.5,4608.1,0.0198
2015,5,Sarrià-Sant Gervasi,25,Sant Gervasi - la Bonanova,41.405983,2.133405,277,58,0,219,127.7,123.7,0.0,128.8,513.6,483.6,521.9,3860.1,3657.4,3916.1,0.0198
2015,5,Sarrià-Sant Gervasi,26,Sant Gervasi - Galvany,41.397795,2.143383,328,83,1,244,129.3,111.9,33.0,135.3,551.0,493.3,570.7,4176.3,4506.9,4063.3,0.0198
2015,5,Sarrià-Sant Gervasi,27,el Putget i Farró,41.407317,2.143424,386,38,0,348,111.0,101.1,0.0,112.2,360.0,276.7,369.6,3139.1,2890.8,3167.8,0.0198
2015,6,Gràcia,28,Vallcarca i els Penitents,41.415526,2.142243,88,16,2,70,89.7,82.1,63.0,92.4,252.2,240.8,255.0,2737.3,2746.7,2735.0,0.0198
2015,6,Gràcia,29,el Coll,41.417907,2.148075,34,11,0,23,69.4,66.1,0.0,70.6,158.0,154.7,159.4,2230.4,2381.8,2166.7,0.0198
2015,6,Gràcia,30,la Salut,41.442733,2.224576,125,0,0,125,78.5,0.0,0.0,78.5,221.7,0.0,221.7,2855.7,0.0,2855.7,0.0198
2015,6,Gràcia,31,Vila de Gràcia,41.403178,2.157166,315,24,0,291,84.3,118.9,0.0,81.4,311.9,511.0,294.5,3315.1,3514.7,3297.6,0.0198
2015,6,Gràcia,32,el Camp d'en Grassot i Gràcia Nova,41.404589,2.166781,302,4,0,298,82.9,87.3,0.0,82.8,276.4,392.0,274.6,3044.9,4410.0,3023.6,0.0198
2015,7,Horta-Guinardó,33,el Baix Guinardó,41.411437,2.168651,300,6,0,294,73.9,72.4,0.0,73.9,225.7,302.9,223.2,3052.2,4301.5,3010.8,0.0198
2015,7,Horta-Guinardó,34,Can Baró,41.416092,2.162402,59,0,0,59,63.1,0.0,0.0,63.1,129.1,0.0,129.1,2101.1,0.0,2101.1,0.0198
2015,7,Horta-Guinardó,35,el Guinardó,41.417733,2.173632,307,3,0,304,75.6,110.0,0.0,75.2,173.1,343.3,170.4,2198.5,3115.9,2184.1,0.0198
2015,7,Horta-Guinardó,36,la Font d'en Fargues,41.425788,2.165915,44,4,0,40,85.6,82.8,0.0,85.9,234.8,182.9,240.0,2684.0,2243.6,2728.0,0.0198
2015,7,Horta-Guinardó,37,el Carmel,41.425607,2.154894,182,44,3,135,68.2,66.9,80.3,68.4,117.2,106.2,121.4,1688.2,1622.7,1713.2,0.0198
2015,7,Horta-Guinardó,38,la Teixonera,41.423173,2.14597,43,19,0,24,60.6,55.2,0.0,65.7,101.1,79.4,121.6,1723.3,1452.3,1979.3,0.0198
2015,7,Horta-Guinardó,39,Sant Genís dels Agudells,41.426457,2.137491,29,7,1,21,89.2,122.3,68.0,83.9,190.7,277.0,172.5,2008.3,2498.9,1905.0,0.0198
2015,7,Horta-Guinardó,40,Montbau,41.42955,2.144538,29,11,1,17,62.2,58.5,95.0,62.4,101.6,107.5,97.0,1695.3,1844.3,1580.6,0.0198
2015,7,Horta-Guinardó,41,la Vall d'Hebron,41.430379,2.148624,14,6,0,8,58.8,50.5,0.0,65.0,174.6,155.0,186.9,2917.9,3163.3,2764.5,0.0198
2015,7,Horta-Guinardó,42,la Clota,41.427857,2.152407,4,0,0,4,68.0,0.0,0.0,68.0,118.3,0.0,118.3,1711.3,0.0,1711.3,0.0198
2015,7,Horta-Guinardó,43,Horta,41.42969,2.160315,165,24,0,141,71.7,76.4,0.0,70.9,152.2,133.1,156.4,2110.8,1775.6,2185.3,0.0198
2015,8,Nou Barris,44,Vilapicina i la Torre Llobeta,41.430019,2.176069,75,1,0,74,69.0,60.0,0.0,69.2,138.7,0.0,140.5,2055.7,0.0,2081.8,0.0198
2015,8,Nou Barris,45,Porta,41.433188,2.176034,138,0,0,138,68.0,0.0,0.0,68.0,134.8,0.0,134.8,1938.0,0.0,1938.0,0.0198
2015,8,Nou Barris,46,el Turó de la Peira,41.432367,2.169068,56,0,0,56,64.3,0.0,0.0,64.3,96.7,0.0,96.7,1408.6,0.0,1408.6,0.0198
2015,8,Nou Barris,47,Can Peguera,41.434857,2.165785,5,0,0,5,58.6,0.0,0.0,58.6,80.5,0.0,80.5,1385.5,0.0,1385.5,0.0198
2015,8,Nou Barris,48,la Guineueta,41.440303,2.170402,64,0,0,64,75.4,0.0,0.0,75.4,151.8,0.0,151.8,1931.7,0.0,1931.7,0.0198
2015,8,Nou Barris,49,Canyelles,41.441704,2.166398,31,0,0,31,68.7,0.0,0.0,68.7,123.6,0.0,123.6,1732.3,0.0,1732.3,0.0198
2015,8,Nou Barris,50,les Roquetes,41.447798,2.176271,126,0,0,126,53.8,0.0,0.0,53.8,59.6,0.0,59.6,1184.1,0.0,1184.1,0.0198
2015,8,Nou Barris,51,Verdun,41.44404,2.17584,71,0,0,71,63.7,0.0,0.0,63.7,101.8,0.0,101.8,1422.9,0.0,1422.9,0.0198
2015,8,Nou Barris,52,la Prosperitat,41.442333,2.179438,96,0,0,96,57.6,0.0,0.0,57.6,106.6,0.0,106.6,1788.8,0.0,1788.8,0.0198
2015,8,Nou Barris,53,la Trinitat Nova,41.449714,2.183841,55,0,0,55,53.3,0.0,0.0,53.3,64.3,0.0,64.3,1206.9,0.0,1206.9,0.0198
2015,8,Nou Barris,54,Torre Baró,41.458011,2.183986,0,0,0,0,0.0,0.0,0.0,0.0,0.0,0.0,0.0,0.0,0.0,0.0,0.0198
2015,8,Nou Barris,55,Ciutat Meridiana,41.460665,2.174474,68,0,0,68,59.7,0.0,0.0,59.7,60.2,0.0,60.2,1040.8,0.0,1040.8,0.0198
2015,8,Nou Barris,56,Vallbona,41.463372,2.184051,7,0,0,7,89.8,0.0,0.0,89.8,145.2,0.0,145.2,1662.6,0.0,1662.6,0.0198
2015,9,Sant Andreu,57,la Trinitat Vella,41.450176,2.191344,177,1,0,176,72.4,112.0,0.0,72.1,138.9,0.0,135.4,1838.2,0.0,1812.3,0.0198
2015,9,Sant Andreu,58,Baró de Viver,41.44993,2.199523,8,0,0,8,84.3,0.0,0.0,84.3,261.8,0.0,261.8,2758.5,0.0,2758.5,0.0198
2015,9,Sant Andreu,59,el Bon Pastor,41.435984,2.205129,63,0,0,63,70.7,0.0,0.0,70.7,113.8,0.0,113.8,1498.7,0.0,1498.7,0.0198
2015,9,Sant Andreu,60,Sant Andreu,41.43725,2.195487,344,0,0,344,71.2,0.0,0.0,71.2,158.0,0.0,158.0,2216.6,0.0,2216.6,0.0198
2015,9,Sant Andreu,61,la Sagrera,41.421279,2.186523,252,1,0,251,72.2,28.0,0.0,72.4,179.6,0.0,181.0,2460.9,0.0,2466.6,0.0198
2015,9,Sant Andreu,62,el Congrés i els Indians,41.423784,2.180821,132,5,0,127,72.3,62.6,0.0,72.6,151.4,87.2,154.4,2157.8,1444.3,2190.5,0.0198
2015,9,Sant Andreu,63,Navas,41.416044,2.186938,174,3,0,171,82.3,56.3,0.0,82.9,241.5,100.0,245.7,2728.8,1731.1,2758.4,0.0198
2015,10,Sant Martí,64,Camp de l'Arpa del Clot,41.410754,2.182816,490,0,0,490,78.2,0.0,0.0,78.2,234.5,0.0,234.5,2818.1,0.0,2818.1,0.0198
2015,10,Sant Martí,65,el Clot,41.410316,2.186721,445,25,1,419,84.4,75.0,61.0,85.1,294.2,208.3,301.2,2989.1,2801.2,3004.3,0.0198
2015,10,Sant Martí,66,el Parc i la Llacuna del Poblenou,41.400733,2.191342,62,0,17,45,73.9,0.0,96.2,67.1,196.5,0.0,196.5,3001.6,0.0,3001.6,0.0198
2015,10,Sant Martí,67,la Vila Olímpica del Poblenou,41.389868,2.196846,16,1,0,15,92.9,40.0,0.0,96.6,383.8,0.0,400.1,3925.6,0.0,3929.3,0.0198
2015,10,Sant Martí,68,el Poblenou,41.400527,2.201729,184,80,0,104,80.7,76.8,0.0,83.7,252.2,261.6,244.1,3072.6,3182.3,2976.8,0.0198
2015,10,Sant Martí,69,Diagonal Mar i el Front Marítim del Poblenou,41.405228,2.213352,84,2,0,82,95.1,58.0,0.0,96.0,590.3,0.0,600.1,5961.1,0.0,6027.6,0.0198
2015,10,Sant Martí,70,el Besòs i el Maresme,41.414979,2.213877,298,45,4,249,64.4,73.1,87.7,62.4,155.8,258.9,132.9,2292.4,3615.4,1999.2,0.0198
2015,10,Sant Martí,71,Provençals del Poblenou,41.411948,2.204125,21,5,3,13,76.7,72.0,78.0,78.2,351.5,141.6,446.9,4387.7,1968.5,5487.4,0.0198
2015,10,Sant Martí,72,Sant Martí de Provençals,41.416519,2.198968,142,20,1,121,81.0,99.6,59.0,77.9,274.3,433.6,221.2,3001.8,4322.2,2561.6,0.0198
2015,10,Sant Martí,73,la Verneda i la Pau,41.42322,2.20294,369,170,1,198,79.2,84.2,83.0,74.4,190.5,227.6,122.2,2221.8,2529.0,1657.6,0.0198
2014,1,Ciutat Vella,1,el Raval,41.379518,2.168368,391,17,0,374,62.6,40.7,0.0,63.2,141.7,99.1,143.1,2087.6,2534.3,2073.5,0.0256
2014,1,Ciutat Vella,2,el Barri Gòtic,41.383395,2.176912,258,36,0,222,95.5,80.1,0.0,98.6,277.7,240.3,285.0,2784.9,3063.2,2730.3,0.0256
2014,1,Ciutat Vella,3,la Barceloneta,41.380653,2.189927,182,55,0,127,42.8,46.6,0.0,41.2,166.0,216.9,142.6,3744.9,4292.5,3493.3,0.0256
2014,1,Ciutat Vella,4,"Sant Pere, Santa Caterina i la Ribera",41.384753,2.183755,277,32,0,245,74.6,60.1,0.0,76.4,193.2,198.9,192.5,2666.6,3177.1,2601.9,0.0256
2014,2,Eixample,5,el Fort Pienc,41.395925,2.182325,252,39,0,213,91.4,77.3,0.0,94.2,320.0,431.6,295.9,3401.0,5501.6,2947.5,0.0256
2014,2,Eixample,6,la Sagrada Família,41.403479,2.17441,72,3,0,69,60.9,60.0,0.0,60.9,145.3,203.3,141.8,2502.0,3388.9,2448.7,0.0256
2014,2,Eixample,7,la Dreta de l'Eixample,41.395037,2.167207,396,29,16,351,111.2,90.9,68.6,115.2,385.4,225.1,401.2,3161.7,2491.6,3227.7,0.0256
2014,2,Eixample,8,l'Antiga Esquerra de l'Eixample,41.39,2.155,255,3,0,252,88.5,55.0,0.0,88.9,284.1,290.0,284.1,3099.3,5190.5,3068.0,0.0256
2014,2,Eixample,9,la Nova Esquerra de l'Eixample,41.383389,2.149,213,19,1,193,81.2,91.3,91.0,80.0,257.0,217.4,262.7,3217.8,2377.0,3337.9,0.0256
2014,2,Eixample,10,Sant Antoni,41.380052,2.163327,133,0,0,133,79.6,0.0,0.0,79.6,213.3,0.0,213.3,2769.7,0.0,2769.7,0.0256
2014,3,Sants-Montjuïc,11,el Poble Sec,41.37498,2.160572,302,0,0,302,60.5,0.0,0.0,60.5,95.0,0.0,95.0,1607.2,0.0,1607.2,0.0256
2014,3,Sants-Montjuïc,12,la Marina del Prat Vermell,41.353842,2.142318,9,0,3,6,77.0,0.0,70.0,80.5,55.9,0.0,55.9,684.5,0.0,684.5,0.0256
2014,3,Sants-Montjuïc,13,la Marina de Port,41.360296,2.137584,89,0,13,76,75.3,0.0,78.8,74.6,126.3,0.0,126.3,1876.8,0.0,1876.8,0.0256
2014,3,Sants-Montjuïc,14,la Font de la Guatlla,41.370782,2.144676,32,0,0,32,72.8,0.0,0.0,72.8,158.6,0.0,158.6,2188.7,0.0,2188.7,0.0256
2014,3,Sants-Montjuïc,15,Hostafrancs,41.375263,2.143194,79,0,0,79,66.2,0.0,0.0,66.2,142.6,0.0,142.6,2174.8,0.0,2174.8,0.0256
2014,3,Sants-Montjuïc,16,la Bordeta,41.369142,2.137373,77,6,0,71,69.6,73.8,0.0,69.2,132.3,124.5,136.6,1678.6,1589.3,1727.3,0.0256
2014,3,Sants-Montjuïc,17,Sants - Badal,41.375466,2.12771,78,7,1,70,62.9,82.6,58.0,60.8,255.9,387.2,124.6,3282.9,4785.8,1780.0,0.0256
2014,3,Sants-Montjuïc,18,Sants,41.375329,2.134912,206,5,0,201,68.4,65.8,0.0,68.5,151.2,149.6,151.3,2185.6,2268.0,2177.0,0.0256
2014,4,Les Corts,19,les Corts,41.385244,2.132863,412,16,1,395,82.7,94.2,90.0,82.3,245.9,298.6,243.7,2910.9,3117.9,2902.0,0.0256
2014,4,Les Corts,20,la Maternitat i Sant Ramon,41.381986,2.125608,150,13,0,137,87.6,77.1,0.0,88.7,285.7,296.3,284.2,3155.6,3920.3,3048.7,0.0256
2014,4,Les Corts,21,Pedralbes,41.39014,2.112218,105,2,0,103,141.7,211.0,0.0,140.8,831.9,0.0,818.0,5183.6,0.0,5133.9,0.0256
2014,5,Sarrià-Sant Gervasi,22,"Vallvidrera, el Tibidabo i les Planes",41.415067,2.107482,20,0,0,20,104.9,0.0,0.0,104.9,468.3,0.0,468.3,3823.7,0.0,3823.7,0.0256
2014,5,Sarrià-Sant Gervasi,23,Sarrià,41.399373,2.121513,156,0,0,156,119.2,0.0,0.0,119.2,526.6,0.0,526.6,4309.4,0.0,4309.4,0.0256
2014,5,Sarrià-Sant Gervasi,24,les Tres Torres,41.397611,2.131184,102,7,0,95,137.2,166.0,0.0,136.2,570.7,495.3,573.3,4127.2,3012.6,4166.6,0.0256
2014,5,Sarrià-Sant Gervasi,25,Sant Gervasi - la Bonanova,41.405983,2.133405,215,65,0,150,139.9,131.8,0.0,143.3,528.7,650.9,477.6,3714.6,4433.3,3414.2,0.0256
2014,5,Sarrià-Sant Gervasi,26,Sant Gervasi - Galvany,41.397795,2.143383,344,100,0,244,126.0,130.5,0.0,124.3,467.0,546.3,435.1,3518.1,4111.0,3279.3,0.0256
2014,5,Sarrià-Sant Gervasi,27,el Putget i Farró,41.407317,2.143424,302,42,0,260,115.6,115.9,0.0,115.5,328.6,305.1,332.4,2904.0,2705.6,2935.9,0.0256
2014,6,Gràcia,28,Vallcarca i els Penitents,41.415526,2.142243,136,58,0,78,80.6,83.0,0.0,78.8,199.8,231.8,177.3,2300.7,2741.6,1992.1,0.0256
2014,6,Gràcia,29,el Coll,41.417907,2.148075,29,12,0,17,79.0,93.4,0.0,68.3,161.9,162.4,161.6,2148.2,1943.8,2301.5,0.0256
2014,6,Gràcia,30,la Salut,41.442733,2.224576,127,2,0,125,86.8,77.0,0.0,86.8,227.3,0.0,227.7,2671.6,0.0,2674.4,0.0256
2014,6,Gràcia,31,Vila de Gràcia,41.403178,2.157166,314,8,0,306,81.1,135.8,0.0,79.5,282.2,493.5,276.0,3202.9,3924.3,3181.6,0.0256
2014,6,Gràcia,32,el Camp d'en Grassot i Gràcia Nova,41.404589,2.166781,220,7,2,211,90.1,75.9,49.0,91.0,267.1,268.0,267.1,2761.7,3712.7,2725.7,0.0256
2014,7,Horta-Guinardó,33,el Baix Guinardó,41.411437,2.168651,254,6,0,248,77.1,74.7,0.0,77.2,201.1,213.7,200.5,2546.2,2971.7,2528.9,0.0256
2014,7,Horta-Guinardó,34,Can Baró,41.416092,2.162402,48,0,0,48,70.8,0.0,0.0,70.8,178.3,0.0,178.3,2118.8,0.0,2118.8,0.0256
2014,7,Horta-Guinardó,35,el Guinardó,41.417733,2.173632,219,3,0,216,71.1,107.7,0.0,70.5,169.1,347.1,163.7,2164.8,3300.7,2130.7,0.0256
2014,7,Horta-Guinardó,36,la Font d'en Fargues,41.425788,2.165915,38,2,0,36,82.2,108.0,0.0,81.4,206.2,0.0,205.4,2552.6,0.0,2564.0,0.0256
2014,7,Horta-Guinardó,37,el Carmel,41.425607,2.154894,143,40,3,100,70.7,74.0,77.5,69.1,119.0,149.6,105.3,1523.5,1528.4,1521.3,0.0256
2014,7,Horta-Guinardó,38,la Teixonera,41.423173,2.14597,33,11,1,21,66.0,60.4,49.0,70.4,113.4,89.2,131.1,1721.8,1447.8,1922.7,0.0256
2014,7,Horta-Guinardó,39,Sant Genís dels Agudells,41.426457,2.137491,15,7,0,8,78.8,77.2,0.0,80.0,89.8,100.4,83.1,1189.3,1328.0,1102.7,0.0256
2014,7,Horta-Guinardó,40,Montbau,41.42955,2.144538,19,4,0,15,62.2,61.5,0.0,62.5,92.5,76.3,98.4,1581.4,1252.5,1701.0,0.0256
2014,7,Horta-Guinardó,41,la Vall d'Hebron,41.430379,2.148624,21,6,0,15,62.0,63.0,0.0,61.6,156.4,127.5,170.8,2442.8,2082.0,2623.1,0.0256
2014,7,Horta-Guinardó,42,la Clota,41.427857,2.152407,7,3,0,4,69.4,64.3,0.0,73.3,124.5,90.4,150.0,1826.9,1494.7,2076.1,0.0256
2014,7,Horta-Guinardó,43,Horta,41.42969,2.160315,136,23,0,113,76.2,62.7,0.0,78.8,136.0,110.4,141.7,1730.5,1794.0,1716.2,0.0256
2014,8,Nou Barris,44,Vilapicina i la Torre Llobeta,41.430019,2.176069,54,3,0,51,71.5,75.7,0.0,71.3,134.7,103.3,136.6,1894.0,1400.4,1924.2,0.0256
2014,8,Nou Barris,45,Porta,41.433188,2.176034,101,1,0,100,67.6,81.0,0.0,67.5,114.4,0.0,114.6,1670.8,0.0,1683.1,0.0256
2014,8,Nou Barris,46,el Turó de la Peira,41.432367,2.169068,34,0,0,34,64.8,0.0,0.0,64.8,101.7,0.0,101.7,1538.6,0.0,1538.6,0.0256
2014,8,Nou Barris,47,Can Peguera,41.434857,2.165785,2,0,0,2,61.0,0.0,0.0,61.0,0.0,0.0,0.0,0.0,0.0,0.0,0.0256
2014,8,Nou Barris,48,la Guineueta,41.440303,2.170402,56,0,0,56,75.3,0.0,0.0,75.3,143.5,0.0,143.5,1795.9,0.0,1795.9,0.0256
2014,8,Nou Barris,49,Canyelles,41.441704,2.166398,32,0,0,32,67.3,0.0,0.0,67.3,132.3,0.0,132.3,1787.2,0.0,1787.2,0.0256
2014,8,Nou Barris,50,les Roquetes,41.447798,2.176271,76,0,0,76,58.1,0.0,0.0,58.1,71.8,0.0,71.8,1213.4,0.0,1213.4,0.0256
2014,8,Nou Barris,51,Verdun,41.44404,2.17584,78,0,0,78,65.8,0.0,0.0,65.8,104.7,0.0,104.7,1635.7,0.0,1635.7,0.0256
2014,8,Nou Barris,52,la Prosperitat,41.442333,2.179438,98,0,0,98,57.7,0.0,0.0,57.7,96.8,0.0,96.8,1597.6,0.0,1597.6,0.0256
2014,8,Nou Barris,53,la Trinitat Nova,41.449714,2.183841,32,0,0,32,54.7,0.0,0.0,54.7,48.5,0.0,48.5,968.2,0.0,968.2,0.0256
2014,8,Nou Barris,54,Torre Baró,41.458011,2.183986,5,0,0,5,80.0,0.0,0.0,80.0,153.6,0.0,153.6,1710.2,0.0,1710.2,0.0256
2014,8,Nou Barris,55,Ciutat Meridiana,41.460665,2.174474,32,0,0,32,58.0,0.0,0.0,58.0,48.8,0.0,48.8,868.1,0.0,868.1,0.0256
2014,8,Nou Barris,56,Vallbona,41.463372,2.184051,8,0,0,8,84.3,0.0,0.0,84.3,183.1,0.0,183.1,2060.5,0.0,2060.5,0.0256
2014,9,Sant Andreu,57,la Trinitat Vella,41.450176,2.191344,145,3,0,142,74.8,89.3,0.0,74.5,146.1,437.9,138.2,1878.7,4490.7,1808.1,0.0256
2014,9,Sant Andreu,58,Baró de Viver,41.44993,2.199523,7,0,0,7,63.0,0.0,0.0,63.0,0.0,0.0,0.0,0.0,0.0,0.0,0.0256
2014,9,Sant Andreu,59,el Bon Pastor,41.435984,2.205129,46,0,0,46,66.8,0.0,0.0,66.8,94.4,0.0,94.4,1426.2,0.0,1426.2,0.0256
2014,9,Sant Andreu,60,Sant Andreu,41.43725,2.195487,283,1,0,282,66.1,64.0,0.0,66.1,134.8,0.0,134.8,2024.7,0.0,2025.1,0.0256
2014,9,Sant Andreu,61,la Sagrera,41.421279,2.186523,234,1,0,233,72.9,95.0,0.0,72.8,153.6,0.0,152.1,2182.2,0.0,2175.4,0.0256
2014,9,Sant Andreu,62,el Congrés i els Indians,41.423784,2.180821,121,6,0,115,68.8,75.5,0.0,68.4,129.7,136.3,129.1,1934.6,1746.7,1951.9,0.0256
2014,9,Sant Andreu,63,Navas,41.416044,2.186938,149,13,0,136,88.4,69.8,0.0,90.2,261.1,109.6,280.9,2666.5,1660.9,2797.6,0.0256
2014,10,Sant Martí,64,Camp de l'Arpa del Clot,41.410754,2.182816,350,3,0,347,76.7,93.7,0.0,76.5,252.3,250.2,252.3,2618.5,2601.3,2618.7,0.0256
2014,10,Sant Martí,65,el Clot,41.410316,2.186721,381,29,1,351,81.8,89.3,76.0,81.3,255.0,326.5,249.2,2930.2,3680.1,2870.3,0.0256
2014,10,Sant Martí,66,el Parc i la Llacuna del Poblenou,41.400733,2.191342,48,8,0,40,76.8,65.6,0.0,78.9,199.7,100.9,218.9,2464.6,1498.4,2652.5,0.0256
2014,10,Sant Martí,67,la Vila Olímpica del Poblenou,41.389868,2.196846,20,6,0,14,96.1,100.8,0.0,94.4,283.8,298.1,278.7,2805.3,2939.9,2757.2,0.0256
2014,10,Sant Martí,68,el Poblenou,41.400527,2.201729,126,41,5,80,76.0,70.2,63.4,79.7,245.3,233.9,251.4,3150.5,3302.3,3070.3,0.0256
2014,10,Sant Martí,69,Diagonal Mar i el Front Marítim del Poblenou,41.405228,2.213352,85,14,1,70,101.0,88.9,62.0,103.9,665.7,392.3,721.2,6367.4,4077.6,6832.5,0.0256
2014,10,Sant Martí,70,el Besòs i el Maresme,41.414979,2.213877,581,113,57,411,79.6,76.7,68.1,81.9,195.3,191.1,196.5,2263.8,2472.6,2202.6,0.0256
2014,10,Sant Martí,71,Provençals del Poblenou,41.411948,2.204125,22,4,2,16,77.7,79.3,73.0,77.9,335.1,273.5,359.8,4176.1,3331.0,4514.2,0.0256
2014,10,Sant Martí,72,Sant Martí de Provençals,41.416519,2.198968,120,14,3,103,75.4,82.4,84.5,74.2,236.2,220.0,241.2,2695.0,2401.2,2784.5,0.0256
2014,10,Sant Martí,73,la Verneda i la Pau,41.42322,2.20294,190,13,2,175,73.0,57.1,50.0,74.3,98.6,86.6,100.5,1432.0,1516.8,1418.7,0.0256
2013,1,Ciutat Vella,1,el Raval,41.379518,2.168368,317,0,0,317,58.2,0.0,0.0,58.2,97.0,0.0,97.0,1726.5,0.0,1726.5,0.0299
2013,1,Ciutat Vella,2,el Barri Gòtic,41.383395,2.176912,170,36,0,134,92.6,90.8,0.0,93.0,212.4,285.2,193.4,2448.2,3248.7,2239.7,0.0299
2013,1,Ciutat Vella,3,la Barceloneta,41.380653,2.189927,224,111,0,113,49.9,54.8,0.0,44.7,175.5,228.7,119.7,3476.3,4062.8,2861.3,0.0299
2013,1,Ciutat Vella,4,"Sant Pere, Santa Caterina i la Ribera",41.384753,2.183755,191,43,0,148,69.3,64.5,0.0,70.6,190.4,224.5,180.9,2846.5,3404.9,2691.4,0.0299
2013,2,Eixample,5,el Fort Pienc,41.395925,2.182325,167,13,0,154,92.8,92.9,0.0,92.8,268.3,376.5,257.1,2842.9,4384.2,2683.5,0.0299
2013,2,Eixample,6,la Sagrada Família,41.403479,2.17441,35,3,0,32,70.1,60.0,0.0,71.1,192.4,208.0,189.8,2938.7,3466.7,2850.7,0.0299
2013,2,Eixample,7,la Dreta de l'Eixample,41.395037,2.167207,379,31,23,325,99.5,93.8,71.5,102.2,306.9,214.6,318.5,2798.2,2195.1,2874.2,0.0299
2013,2,Eixample,8,l'Antiga Esquerra de l'Eixample,41.39,2.155,200,7,0,193,87.7,59.9,0.0,88.7,239.2,275.9,237.3,2760.2,4825.0,2655.5,0.0299
2013,2,Eixample,9,la Nova Esquerra de l'Eixample,41.383389,2.149,196,49,0,147,77.0,77.8,0.0,76.7,301.6,432.3,213.8,3648.2,5174.1,2624.0,0.0299
2013,2,Eixample,10,Sant Antoni,41.380052,2.163327,128,0,0,128,80.8,0.0,0.0,80.8,177.5,0.0,177.5,2024.9,0.0,2024.9,0.0299
2013,3,Sants-Montjuïc,11,el Poble Sec,41.37498,2.160572,218,0,0,218,57.8,0.0,0.0,57.8,93.7,0.0,93.7,1582.1,0.0,1582.1,0.0299
2013,3,Sants-Montjuïc,12,la Marina del Prat Vermell,41.353842,2.142318,1,0,0,1,84.0,0.0,0.0,84.0,0.0,0.0,0.0,0.0,0.0,0.0,0.0299
2013,3,Sants-Montjuïc,13,la Marina de Port,41.360296,2.137584,90,0,7,83,72.2,0.0,104.8,69.8,166.2,0.0,166.2,2405.2,0.0,2405.2,0.0299
2013,3,Sants-Montjuïc,14,la Font de la Guatlla,41.370782,2.144676,71,3,0,68,70.5,81.3,0.0,69.6,179.3,265.6,170.7,2543.5,3266.0,2471.2,0.0299
2013,3,Sants-Montjuïc,15,Hostafrancs,41.375263,2.143194,52,4,0,48,79.1,116.0,0.0,77.3,177.8,280.0,171.4,1834.2,2569.3,1788.3,0.0299
2013,3,Sants-Montjuïc,16,la Bordeta,41.369142,2.137373,84,6,0,78,66.0,99.0,0.0,63.4,102.4,107.4,100.8,1960.8,1524.6,2097.2,0.0299
2013,3,Sants-Montjuïc,17,Sants - Badal,41.375466,2.12771,92,9,0,83,63.1,58.5,0.0,63.6,190.8,240.7,91.0,3186.4,3982.7,1593.7,0.0299
2013,3,Sants-Montjuïc,18,Sants,41.375329,2.134912,168,10,0,158,68.4,50.0,0.0,69.6,154.5,146.6,156.5,2270.1,2868.5,2111.7,0.0299
2013,4,Les Corts,19,les Corts,41.385244,2.132863,339,20,9,310,81.1,75.1,67.9,82.0,252.5,224.1,255.6,2923.6,3116.8,2902.7,0.0299
2013,4,Les Corts,20,la Maternitat i Sant Ramon,41.381986,2.125608,68,0,0,68,82.7,0.0,0.0,82.7,266.7,0.0,266.7,2890.5,0.0,2890.5,0.0299
2013,4,Les Corts,21,Pedralbes,41.39014,2.112218,82,4,0,78,147.3,256.0,0.0,140.3,733.9,1642.0,667.8,4406.9,6834.3,4230.4,0.0299
2013,5,Sarrià-Sant Gervasi,22,"Vallvidrera, el Tibidabo i les Planes",41.415067,2.107482,13,1,0,12,141.4,0.0,0.0,141.4,524.6,0.0,524.6,3540.2,0.0,3540.2,0.0299
2013,5,Sarrià-Sant Gervasi,23,Sarrià,41.399373,2.121513,129,8,0,121,120.1,173.0,0.0,116.0,542.6,493.9,546.7,4311.6,2890.1,4431.3,0.0299
2013,5,Sarrià-Sant Gervasi,24,les Tres Torres,41.397611,2.131184,97,15,0,82,159.1,121.4,0.0,167.5,648.5,430.7,692.1,4293.9,3175.6,4517.5,0.0299
2013,5,Sarrià-Sant Gervasi,25,Sant Gervasi - la Bonanova,41.405983,2.133405,194,75,2,117,125.6,120.8,54.0,129.3,462.0,429.5,483.4,3550.4,3576.6,3533.1,0.0299
2013,5,Sarrià-Sant Gervasi,26,Sant Gervasi - Galvany,41.397795,2.143383,260,84,0,176,131.3,131.8,0.0,131.1,498.2,414.6,534.6,3471.3,3109.1,3628.5,0.0299
2013,5,Sarrià-Sant Gervasi,27,el Putget i Farró,41.407317,2.143424,231,37,0,194,112.0,102.5,0.0,113.8,303.3,293.4,305.2,2763.1,2785.8,2758.6,0.0299
2013,6,Gràcia,28,Vallcarca i els Penitents,41.415526,2.142243,80,20,0,60,85.6,77.4,0.0,88.3,227.0,223.4,228.2,2618.7,2554.9,2640.0,0.0299
2013,6,Gràcia,29,el Coll,41.417907,2.148075,38,18,1,19,69.4,67.1,75.0,70.9,128.7,148.4,112.4,1865.4,1995.3,1757.2,0.0299
2013,6,Gràcia,30,la Salut,41.442733,2.224576,100,1,0,99,75.1,59.0,0.0,75.3,189.9,0.0,191.3,2536.1,0.0,2551.9,0.0299
2013,6,Gràcia,31,Vila de Gràcia,41.403178,2.157166,274,9,0,265,89.7,140.2,0.0,87.8,359.0,1059.2,332.3,3416.8,5514.3,3336.8,0.0299
2013,6,Gràcia,32,el Camp d'en Grassot i Gràcia Nova,41.404589,2.166781,200,6,0,194,88.9,63.2,0.0,89.6,254.1,319.1,252.3,2799.4,5097.6,2736.3,0.0299
2013,7,Horta-Guinardó,33,el Baix Guinardó,41.411437,2.168651,184,8,1,175,75.4,82.3,90.0,74.9,176.4,237.1,170.7,2331.7,2987.8,2270.0,0.0299
2013,7,Horta-Guinardó,34,Can Baró,41.416092,2.162402,44,0,0,44,83.9,0.0,0.0,83.9,192.6,0.0,192.6,1823.4,0.0,1823.4,0.0299
2013,7,Horta-Guinardó,35,el Guinardó,41.417733,2.173632,191,0,0,191,71.6,0.0,0.0,71.6,143.1,0.0,143.1,2009.4,0.0,2009.4,0.0299
2013,7,Horta-Guinardó,36,la Font d'en Fargues,41.425788,2.165915,39,1,0,38,83.6,33.0,0.0,85.0,246.4,0.0,251.9,3522.0,0.0,3582.8,0.0299
2013,7,Horta-Guinardó,37,el Carmel,41.425607,2.154894,123,51,2,70,62.9,60.2,64.0,64.9,106.6,111.4,103.0,1656.4,1792.0,1554.7,0.0299
2013,7,Horta-Guinardó,38,la Teixonera,41.423173,2.14597,37,15,0,22,70.8,82.3,0.0,64.1,93.4,92.2,94.1,1368.3,1192.4,1468.8,0.0299
2013,7,Horta-Guinardó,39,Sant Genís dels Agudells,41.426457,2.137491,12,6,0,6,84.0,93.0,0.0,75.0,184.7,172.1,197.3,2073.9,1726.2,2421.7,0.0299
2013,7,Horta-Guinardó,40,Montbau,41.42955,2.144538,14,8,2,4,73.7,67.4,79.0,83.3,140.4,129.0,163.1,1794.0,1760.6,1860.8,0.0299
2013,7,Horta-Guinardó,41,la Vall d'Hebron,41.430379,2.148624,15,6,0,9,54.3,54.4,0.0,54.3,135.0,144.4,128.3,2487.2,2657.5,2365.5,0.0299
2013,7,Horta-Guinardó,42,la Clota,41.427857,2.152407,3,1,0,2,62.0,57.0,0.0,64.5,108.0,0.0,0.0,1723.6,0.0,0.0,0.0299
2013,7,Horta-Guinardó,43,Horta,41.42969,2.160315,103,16,2,85,72.8,75.3,67.5,72.4,157.9,158.6,157.7,2179.8,2242.1,2160.3,0.0299
2013,8,Nou Barris,44,Vilapicina i la Torre Llobeta,41.430019,2.176069,52,8,0,44,73.9,62.3,0.0,76.1,126.8,106.3,130.8,1710.3,1652.4,1721.6,0.0299
2013,8,Nou Barris,45,Porta,41.433188,2.176034,115,0,0,115,67.0,0.0,0.0,67.0,128.4,0.0,128.4,1942.0,0.0,1942.0,0.0299
2013,8,Nou Barris,46,el Turó de la Peira,41.432367,2.169068,50,0,0,50,60.5,0.0,0.0,60.5,87.3,0.0,87.3,1487.3,0.0,1487.3,0.0299
2013,8,Nou Barris,47,Can Peguera,41.434857,2.165785,7,0,0,7,62.1,0.0,0.0,62.1,49.6,0.0,49.6,612.6,0.0,612.6,0.0299
2013,8,Nou Barris,48,la Guineueta,41.440303,2.170402,49,1,0,48,75.5,74.0,0.0,75.5,133.1,0.0,123.9,1824.7,0.0,1702.2,0.0299
2013,8,Nou Barris,49,Canyelles,41.441704,2.166398,14,0,0,14,71.5,0.0,0.0,71.5,113.4,0.0,113.4,1761.4,0.0,1761.4,0.0299
2013,8,Nou Barris,50,les Roquetes,41.447798,2.176271,63,0,0,63,59.4,0.0,0.0,59.4,81.4,0.0,81.4,1528.7,0.0,1528.7,0.0299
2013,8,Nou Barris,51,Verdun,41.44404,2.17584,36,0,0,36,56.1,0.0,0.0,56.1,84.9,0.0,84.9,1580.0,0.0,1580.0,0.0299
2013,8,Nou Barris,52,la Prosperitat,41.442333,2.179438,52,0,0,52,58.8,0.0,0.0,58.8,90.3,0.0,90.3,1302.9,0.0,1302.9,0.0299
2013,8,Nou Barris,53,la Trinitat Nova,41.449714,2.183841,34,0,0,34,58.2,0.0,0.0,58.2,54.5,0.0,54.5,945.1,0.0,945.1,0.0299
2013,8,Nou Barris,54,Torre Baró,41.458011,2.183986,19,0,0,19,63.7,0.0,0.0,63.7,104.5,0.0,104.5,1631.6,0.0,1631.6,0.0299
2013,8,Nou Barris,55,Ciutat Meridiana,41.460665,2.174474,65,0,0,65,58.7,0.0,0.0,58.7,73.5,0.0,73.5,1208.9,0.0,1208.9,0.0299
2013,8,Nou Barris,56,Vallbona,41.463372,2.184051,11,0,0,11,79.8,0.0,0.0,79.8,196.4,0.0,196.4,2474.9,0.0,2474.9,0.0299
2013,9,Sant Andreu,57,la Trinitat Vella,41.450176,2.191344,101,0,0,101,79.1,0.0,0.0,79.1,165.1,0.0,165.1,1986.2,0.0,1986.2,0.0299
2013,9,Sant Andreu,58,Baró de Viver,41.44993,2.199523,9,0,0,9,81.6,0.0,0.0,81.6,299.7,0.0,299.7,2583.2,0.0,2583.2,0.0299
2013,9,Sant Andreu,59,el Bon Pastor,41.435984,2.205129,207,63,0,144,66.1,0.0,0.0,66.1,100.2,0.0,100.2,1474.8,0.0,1474.8,0.0299
2013,9,Sant Andreu,60,Sant Andreu,41.43725,2.195487,200,3,0,197,71.3,58.0,0.0,71.5,151.6,73.0,153.0,2069.6,1255.5,2084.1,0.0299
2013,9,Sant Andreu,61,la Sagrera,41.421279,2.186523,221,4,0,217,74.9,114.5,0.0,74.0,174.1,568.8,153.3,2237.6,4184.8,2135.1,0.0299
2013,9,Sant Andreu,62,el Congrés i els Indians,41.423784,2.180821,98,32,0,66,67.3,61.2,0.0,70.1,136.8,118.0,146.5,2056.0,1923.6,2124.5,0.0299
2013,9,Sant Andreu,63,Navas,41.416044,2.186938,135,12,0,123,87.1,65.3,0.0,89.4,256.2,211.0,262.9,2767.4,3356.8,2678.9,0.0299
2013,10,Sant Martí,64,Camp de l'Arpa del Clot,41.410754,2.182816,328,3,0,325,83.2,97.0,0.0,83.1,275.5,348.0,274.5,2800.0,3331.4,2793.3,0.0299
2013,10,Sant Martí,65,el Clot,41.410316,2.186721,289,24,1,264,79.8,80.9,76.0,79.7,224.9,222.8,225.2,2742.5,2691.1,2748.7,0.0299
2013,10,Sant Martí,66,el Parc i la Llacuna del Poblenou,41.400733,2.191342,40,6,0,34,75.2,63.3,0.0,77.6,161.1,107.0,174.1,2107.9,1691.3,2207.9,0.0299
2013,10,Sant Martí,67,la Vila Olímpica del Poblenou,41.389868,2.196846,6,1,0,5,99.8,70.0,0.0,107.3,373.4,0.0,398.7,3847.3,0.0,3837.7,0.0299
2013,10,Sant Martí,68,el Poblenou,41.400527,2.201729,180,77,6,97,69.4,71.0,51.0,69.2,219.7,223.0,216.8,3117.3,3061.0,3165.6,0.0299
2013,10,Sant Martí,69,Diagonal Mar i el Front Marítim del Poblenou,41.405228,2.213352,82,14,1,67,90.8,77.7,107.0,93.3,448.6,255.8,490.7,4792.7,3213.6,5138.1,0.0299
2013,10,Sant Martí,70,el Besòs i el Maresme,41.414979,2.213877,176,38,8,130,71.4,94.6,77.6,64.4,153.6,253.3,120.1,1997.2,2548.4,1811.7,0.0299
2013,10,Sant Martí,71,Provençals del Poblenou,41.411948,2.204125,25,6,3,16,70.2,69.5,63.5,71.4,272.1,285.4,263.3,3683.0,3917.2,3526.9,0.0299
2013,10,Sant Martí,72,Sant Martí de Provençals,41.416519,2.198968,111,5,3,103,76.8,104.8,64.3,75.7,180.6,353.4,155.9,1988.6,3442.7,1780.8,0.0299
2013,10,Sant Martí,73,la Verneda i la Pau,41.42322,2.20294,303,62,16,225,72.7,65.9,0.0,73.3,107.1,105.8,107.3,1494.4,1614.8,1471.3,0.0299
